gene,orco_lv
MIR1302-2HG,0
FAM138A,0
OR4F5,0
AL627309.1,0
AL627309.3,0
AL627309.4,0
AL732372.1,0
OR4F29,0
AC114498.1,0
OR4F16,0
AL669831.5,0
FAM87B,0
LINC00115,0
FAM41C,0
AL645608.7,0
AL645608.3,0
AL645608.5,0
AL645608.1,0
SAMD11,0
NOC2L,0
KLHL17,0
PLEKHN1,0
PERM1,0
AL645608.8,0
HES4,0
ISG15,0
AGRN,0
AL645608.9,0
RNF223,0
C1orf159,0
LINC01342,0
AL390719.2,0
TTLL10,0
TNFRSF18,0
TNFRSF4,0
SDF4,0
B3GALT6,0
C1QTNF12,0
AL162741.1,0
UBE2J2,0
LINC01786,0
SCNN1D,0
ACAP3,0
PUSL1,0
INTS11,0
CPTP,0
TAS1R3,0
DVL1,0
MXRA8,0
AURKAIP1,0
CCNL2,0
MRPL20,0
AL391244.3,0
ANKRD65,0
TMEM88B,0
LINC01770,0
VWA1,0
ATAD3C,0
ATAD3B,0
ATAD3A,0
TMEM240,0
SSU72,0
AL645728.1,0
FNDC10,0
MIB2,0
MMP23B,0
CDK11B,0
SLC35E2B,0
CDK11A,0
SLC35E2,0
NADK,0
GNB1,0
CALML6,0
TMEM52,0
CFAP74,0
GABRD,0
PRKCZ,0
FAAP20,0
AL590822.1,0
SKI,0
MORN1,0
RER1,0
PEX10,0
PLCH2,0
PANK4,0
HES5,0
AL139246.5,0
TNFRSF14,0
AL139246.3,0
FAM213B,0
MMEL1,0
TTC34,0
AL592464.2,0
AL592464.1,0
AL589702.1,0
ACTRT2,0
PRDM16,0
AL590438.1,0
ARHGEF16,0
AL512413.1,1
MEGF6,1
TPRG1L,1
WRAP73,1
TP73,1
CCDC27,1
SMIM1,1
LRRC47,1
CEP104,1
DFFB,1
C1orf174,1
LINC01134,1
LINC01346,1
LINC01345,1
AL805961.1,1
AL805961.2,1
LINC01777,1
AL355602.1,1
Z98747.1,1
LINC01646,1
AJAP1,1
BX005132.2,1
BX005132.1,1
AL691497.1,1
AL139823.1,1
Z98259.3,1
Z98259.2,1
Z98259.1,1
AL365255.1,1
NPHP4,1
KCNAB2,1
CHD5,1
RPL22,1
RNF207,1
ICMT,1
LINC00337,1
HES3,1
GPR153,1
ACOT7,1
HES2,1
ESPN,1
TNFRSF25,1
PLEKHG5,1
NOL9,1
TAS1R1,1
ZBTB48,1
KLHL21,1
PHF13,1
THAP3,1
DNAJC11,1
LINC01672,1
AL591163.1,1
CAMTA1,1
AL359881.3,1
AL359881.2,1
AL359881.1,1
VAMP3,1
PER3,1
UTS2,1
TNFRSF9,1
PARK7,1
AL034417.3,1
ERRFI1,1
AL034417.2,1
LINC01714,1
AL358876.2,1
SLC45A1,1
RERE,1
AL357552.2,1
ENO1,1
CA6,1
SLC2A7,1
SLC2A5,1
GPR157,1
MIR34AHG,1
LINC01759,1
Z98044.1,1
H6PD,1
SPSB1,1
BX323043.1,1
AL928921.2,1
AL928921.1,1
SLC25A33,1
TMEM201,1
PIK3CD,1
CLSTN1,1
CTNNBIP1,1
LZIC,1
NMNAT1,1
RBP7,1
UBE4B,1
KIF1B,1
AL139424.3,1
AL139424.2,1
PGD,1
CENPS-CORT,1
CENPS,1
CORT,1
DFFA,2
PEX14,2
CASZ1,2
C1orf127,2
TARDBP,2
AL109811.4,2
MASP2,2
SRM,2
EXOSC10,2
MTOR,2
ANGPTL7,2
UBIAD1,2
AL031291.1,2
DISP3,2
LINC01647,2
FBXO2,2
FBXO44,2
FBXO6,2
MAD2L2,2
DRAXIN,2
AGTRAP,2
C1orf167,2
MTHFR,2
CLCN6,2
NPPA,2
NPPB,2
KIAA2013,2
PLOD1,2
MFN2,2
MIIP,2
TNFRSF8,2
TNFRSF1B,2
VPS13D,2
AC243836.1,2
DHRS3,2
AC254633.1,2
AADACL4,2
AADACL3,2
C1orf158,2
PRAMEF12,2
PRAMEF1,2
LINC01784,2
PRAMEF11,2
HNRNPCL1,2
PRAMEF2,2
PRAMEF4,2
PRAMEF10,2
PRAMEF7,2
PRAMEF6,2
PRAMEF27,2
HNRNPCL3,2
PRAMEF25,2
HNRNPCL2,2
AC245056.1,2
PRAMEF26,2
HNRNPCL4,2
PRAMEF9,2
PRAMEF13,2
PRAMEF18,2
PRAMEF5,2
PRAMEF8,2
PRAMEF33,2
PRAMEF15,2
AC243961.1,2
PRAMEF14,2
PRAMEF19,2
PRAMEF17,2
PRAMEF20,2
LRRC38,2
PDPN,2
AL359771.1,2
PRDM2,2
KAZN,2
AL357873.1,2
KAZN-AS1,2
TMEM51,2
C1orf195,2
FHAD1,2
AL031283.1,2
EFHD2,2
CTRC,2
CELA2A,2
CELA2B,2
CASP9,2
DNAJC16,2
AGMAT,2
DDI2,2
RSC1A1,2
AL121992.2,2
PLEKHM2,2
SLC25A34,2
TMEM82,2
FBLIM1,2
UQCRHL,2
SPEN,2
ZBTB17,2
SRARP,2
HSPB7,3
CLCNKA,3
CLCNKB,3
FAM131C,3
EPHA2,3
ARHGEF19,3
RSG1,3
FBXO42,3
SZRD1,3
SPATA21,3
NECAP2,3
LINC01772,3
AL137802.2,3
AL137802.1,3
LINC01783,3
FAM231B,3
NBPF1,3
AL137798.1,3
AL137798.2,3
FAM231A,3
AL021920.1,3
FAM231C,3
AL021920.3,3
CROCC,3
BX284668.1,3
BX284668.2,3
BX284668.5,3
BX284668.6,3
MFAP2,3
ATP13A2,3
SDHB,3
PADI2,3
AL590644.1,3
AL590644.3,3
PADI1,3
PADI3,3
PADI4,3
PADI6,3
RCC2,3
ARHGEF10L,3
AL136529.1,3
ACTL8,3
AL357509.1,3
LINC01654,3
IGSF21,3
AL591896.1,3
KLHDC7A,3
PAX7,3
TAS1R2,3
AL080251.1,3
ALDH4A1,3
IFFO2,3
UBR4,3
EMC1,3
MRTO4,3
AKR7A3,3
AKR7A2,3
PQLC2,3
CAPZB,3
MINOS1,3
MINOS1-NBL1,3
NBL1,3
HTR6,3
TMCO4,3
RNF186,3
OTUD3,3
PLA2G2E,3
PLA2G2A,3
PLA2G5,3
PLA2G2D,3
PLA2G2F,3
Z98257.1,3
PLA2G2C,3
UBXN10,3
LINC01757,3
Z98257.2,3
VWA5B1,3
LINC01141,3
AL139254.1,3
AL139254.2,3
AL139254.3,3
CAMK2N1,3
MUL1,3
FAM43B,3
CDA,3
PINK1,3
DDOST,3
KIF17,3
SH2D5,3
HP1BP3,3
EIF4G3,3
ECE1,3
AL592309.2,3
NBPF3,3
ALPL,3
RAP1GAP,3
USP48,4
LDLRAD2,4
HSPG2,4
CELA3B,4
CELA3A,4
LINC01635,4
CDC42,4
AL031281.2,4
WNT4,4
ZBTB40,4
EPHA8,4
C1QA,4
C1QC,4
C1QB,4
EPHB2,4
LACTBL1,4
TEX46,4
KDM1A,4
LUZP1,4
HTR1D,4
LINC01355,4
AL109936.8,4
HNRNPR,4
ZNF436,4
AL109936.2,4
TCEA3,4
ASAP3,4
E2F2,4
AL021154.1,4
ID3,4
MDS2,4
RPL11,4
ELOA,4
PITHD1,4
LYPLA2,4
GALE,4
HMGCL,4
FUCA1,4
CNR2,4
PNRC2,4
SRSF10,4
MYOM3,4
IL22RA1,4
IFNLR1,4
AL590683.1,4
GRHL3,4
STPG1,4
NIPAL3,4
RCAN3,4
AL445686.2,4
NCMAP,4
SRRM1,4
AL445648.1,4
CLIC4,4
RUNX3,4
AL445471.2,4
AL050344.1,4
SYF2,4
AL031432.5,4
RSRP1,4
AL031432.3,4
RHD,4
TMEM50A,4
RHCE,4
TMEM57,4
LDLRAP1,4
AL606491.1,4
MAN1C1,4
SELENON,4
AL020996.2,4
MTFR1L,4
AUNIP,4
PAQR7,4
STMN1,4
PAFAH2,4
EXTL1,4
SLC30A2,4
TRIM63,4
PDIK1L,4
FAM110D,4
C1orf232,4
AL391650.1,4
ZNF593,4
CNKSR1,4
CATSPER4,4
CEP85,4
SH3BGRL3,4
UBXN11,4
CD52,4
CRYBG2,4
ZNF683,4
LIN28A,4
DHDDS,4
HMGN2,4
RPS6KA1,4
ARID1A,5
PIGV,5
ZDHHC18,5
SFN,5
GPN2,5
GPATCH3,5
NUDC,5
NR0B2,5
KDF1,5
TRNP1,5
FAM46B,5
SLC9A1,5
WDTC1,5
TMEM222,5
SYTL1,5
MAP3K6,5
FCN3,5
CD164L2,5
GPR3,5
WASF2,5
FO393419.2,5
AHDC1,5
FGR,5
LINC02574,5
IFI6,5
FAM76A,5
STX12,5
PPP1R8,5
THEMIS2,5
RPA2,5
SMPDL3B,5
XKR8,5
EYA3,5
PTAFR,5
DNAJC8,5
ATPIF1,5
AL353622.2,5
SESN2,5
MED18,5
PHACTR4,5
RCC1,5
TRNAU1AP,5
TAF12,5
RAB42,5
LINC01715,5
AL360012.1,5
GMEB1,5
YTHDF2,5
OPRD1,5
EPB41,5
TMEM200B,5
AL357500.1,5
SRSF4,5
MECR,5
PTPRU,5
LINC01756,5
AC092265.1,5
AL645944.2,5
LINC01648,5
AL137076.1,5
AL161638.2,5
AL161638.1,5
MATN1,5
LAPTM5,5
AL137027.1,5
LINC01778,5
SDC3,5
PUM1,5
NKAIN1,5
SNRNP40,5
ZCCHC17,5
FABP3,5
SERINC2,5
TINAGL1,5
HCRTR1,5
PEF1,5
COL16A1,5
ADGRB2,5
SPOCD1,5
AL354919.1,5
AL136115.2,5
PTP4A2,5
AL136115.1,5
AL136115.3,5
KHDRBS1,5
TMEM39B,5
KPNA6,5
TXLNA,5
CCDC28B,5
IQCC,5
DCDC2B,5
TMEM234,5
EIF3I,5
FAM167B,5
LCK,6
HDAC1,6
MARCKSL1,6
AL109945.1,6
TSSK3,6
FAM229A,6
BSDC1,6
AL033529.1,6
ZBTB8B,6
ZBTB8A,6
ZBTB8OS,6
RBBP4,6
SYNC,6
KIAA1522,6
YARS,6
S100PBP,6
FNDC5,6
HPCA,6
TMEM54,6
RNF19B,6
AK2,6
AZIN2,6
TRIM62,6
AL662907.3,6
ZNF362,6
AL513327.3,6
A3GALT2,6
PHC2,6
ZSCAN20,6
CSMD2,6
HMGB4,6
C1orf94,6
SMIM12,6
GJB5,6
GJB4,6
GJB3,6
GJA4,6
DLGAP3,6
AC114490.2,6
TMEM35B,6
ZMYM6,6
ZMYM1,6
AL590434.1,6
SFPQ,6
ZMYM4,6
KIAA0319L,6
NCDN,6
TFAP2E,6
PSMB2,6
C1orf216,6
CLSPN,6
AGO4,6
AGO1,6
AL139286.2,6
AGO3,6
TEKT2,6
ADPRHL2,6
COL8A2,6
TRAPPC3,6
MAP7D1,6
THRAP3,6
SH3D21,6
EVA1B,6
STK40,6
LSM10,6
OSCP1,6
MRPS15,6
CSF3R,6
AL596257.1,6
AC117945.2,6
GRIK3,6
AL031430.1,6
AL353604.1,6
ZC3H12A,6
MEAF6,6
SNIP1,6
DNALI1,6
GNL2,6
RSPO1,6
C1orf109,6
CDCA8,6
EPHA10,6
MANEAL,6
YRDC,6
C1orf122,6
MTF1,6
INPP5B,6
SF3A3,6
FHL3,6
UTP11,6
POU3F1,6
AL139158.2,6
AL139158.3,6
LINC01343,7
LINC01685,7
AL354702.2,7
RRAGC,7
MYCBP,7
AL139260.3,7
GJA9,7
RHBDL2,7
AKIRIN1,7
NDUFS5,7
MACF1,7
BMP8A,7
PABPC4,7
HEYL,7
NT5C1A,7
HPCAL4,7
PPIE,7
BMP8B,7
OXCT2,7
AL033527.5,7
AL033527.4,7
TRIT1,7
MYCL,7
MFSD2A,7
CAP1,7
PPT1,7
RLF,7
TMCO2,7
ZMPSTE24,7
COL9A2,7
SMAP2,7
AL031985.4,7
ZFP69B,7
ZFP69,7
EXO5,7
ZNF684,7
RIMS3,7
AL031289.1,7
NFYC,7
KCNQ4,7
CITED4,7
CTPS1,7
SLFNL1,7
SCMH1,7
AC093151.3,7
FOXO6,7
EDN2,7
HIVEP3,7
GUCA2B,7
GUCA2A,7
FOXJ3,7
RIMKLA,7
ZMYND12,7
PPCS,7
CCDC30,7
PPIH,7
AC098484.2,7
YBX1,7
CLDN19,7
P3H1,7
C1orf50,7
AC098484.3,7
TMEM269,7
SVBP,7
ERMAP,7
ZNF691,7
SLC2A1,7
SLC2A1-AS1,7
AC099795.1,7
FAM183A,7
EBNA1BP2,7
CFAP57,7
TMEM125,7
C1orf210,7
TIE1,7
MPL,7
CDC20,7
ELOVL1,7
MED8,7
SZT2,7
HYI,7
PTPRF,7
KDM4A,7
ST3GAL3,7
ARTN,7
IPO13,7
DPH2,7
ATP6V0B,7
B4GALT2,7
CCDC24,7
SLC6A9,7
AL139220.2,7
KLF17,8
KLF18,8
DMAP1,8
ERI3,8
RNF220,8
TMEM53,8
C1orf228,8
KIF2C,8
RPS8,8
BEST4,8
PLK3,8
TCTEX1D4,8
BTBD19,8
PTCH2,8
EIF2B3,8
HECTD3,8
UROD,8
ZSWIM5,8
LINC01144,8
HPDL,8
MUTYH,8
TOE1,8
TESK2,8
CCDC163,8
MMACHC,8
PRDX1,8
AKR1A1,8
NASP,8
CCDC17,8
GPBP1L1,8
TMEM69,8
IPP,8
MAST2,8
PIK3R3,8
AL358075.4,8
TSPAN1,8
AL672043.1,8
POMGNT1,8
LURAP1,8
RAD54L,8
LRRC41,8
UQCRH,8
NSUN4,8
FAAH,8
DMBX1,8
AL136373.1,8
KNCN,8
MKNK1,8
MOB3C,8
ATPAF1,8
TEX38,8
EFCAB14,8
CYP4B1,8
CYP4A11,8
CYP4X1,8
CYP4Z1,8
CYP4A22-AS1,8
CYP4A22,8
PDZK1IP1,8
TAL1,8
STIL,8
CMPK1,8
FOXE3,8
FOXD2,8
LINC01738,8
TRABD2B,8
AL691459.1,8
AC096541.1,8
AL356289.1,8
AL356289.2,8
AL109659.1,8
SLC5A9,8
SPATA6,8
AGBL4,8
BEND5,8
ELAVL4,8
AL596275.2,8
AL592182.3,8
DMRTA2,8
FAF1,8
CDKN2C,8
C1orf185,8
LINC01562,8
RNF11,8
TTC39A,8
EPS15,8
OSBPL9,8
NRDC,8
RAB3B,8
TXNDC12,8
KTI12,8
BTF3L4,9
ZFYVE9,9
CC2D1B,9
ORC1,9
PRPF38A,9
ZCCHC11,9
AL591167.1,9
GPX7,9
FAM159A,9
COA7,9
ZYG11B,9
ZYG11A,9
ECHDC2,9
SCP2,9
PODN,9
SLC1A7,9
CPT2,9
C1orf123,9
MAGOH,9
LRP8,9
LINC01771,9
AC119428.1,9
AC119428.2,9
DMRTB1,9
GLIS1,9
NDC1,9
YIPF1,9
DIO1,9
HSPB11,9
LRRC42,9
LDLRAD1,9
TMEM59,9
TCEANC2,9
AL357673.1,9
CDCP2,9
CYB5RL,9
MRPL37,9
SSBP3,9
AL035415.1,9
AC099796.1,9
ACOT11,9
FAM151A,9
MROH7,9
MROH7-TTC4,9
TTC4,9
PARS2,9
TTC22,9
LEXM,9
DHCR24,9
TMEM61,9
BSND,9
PCSK9,9
USP24,9
MIR4422HG,9
AL603840.1,9
LINC01753,9
LINC01755,9
AL353681.1,9
AC119674.1,9
AC119674.2,9
LINC01767,9
PLPP3,9
PRKAA2,9
FYB2,9
C8A,9
C8B,9
DAB1,9
AL390243.1,9
AL445193.2,9
OMA1,9
TACSTD2,9
MYSM1,9
AL136985.3,9
JUN,9
LINC01135,9
AL136985.2,9
AL136985.1,9
AC105277.1,9
LINC01358,9
AL592431.2,9
AL592431.1,9
AC093424.1,9
FGGY,9
HOOK1,9
CYP2J2,9
C1orf87,9
AC097066.1,9
LINC01748,9
AC099792.1,9
NFIA,9
TM2D1,10
AC099791.2,10
PATJ,10
L1TD1,10
KANK4,10
USP1,10
DOCK7,10
ANGPTL3,10
ATG4C,10
AC099794.1,10
LINC01739,10
AL162400.1,10
AL162400.2,10
AC096543.1,10
AC096543.2,10
FOXD3,10
ALG6,10
ITGB3BP,10
EFCAB7,10
PGM1,10
ROR1,10
UBE2U,10
CACHD1,10
RAVER2,10
JAK1,10
AL357078.3,10
AL357078.1,10
AK4,10
DNAJC6,10
LEPROT,10
LEPR,10
PDE4B,10
SGIP1,10
TCTEX1D1,10
INSL5,10
WDR78,10
MIER1,10
SLC35D1,10
C1orf141,10
IL23R,10
IL12RB2,10
SERBP1,10
LINC01702,10
GADD45A,10
GNG12,10
DIRAS3,10
WLS,10
RPE65,10
DEPDC1,10
LINC01707,10
AL512271.1,10
LINC01758,10
LRRC7,10
LRRC40,10
SRSF11,10
ANKRD13C,10
HHLA3,10
CTH,10
AL354872.2,10
LINC01788,10
AL513285.1,10
PTGER3,10
ZRANB2,10
NEGR1,10
AL583808.1,10
AL583808.2,10
LINC01360,10
LINC02238,10
LRRIQ3,10
FPGT,10
FPGT-TNNI3K,10
TNNI3K,10
LRRC53,10
ERICH3,10
AC135803.1,10
CRYZ,10
TYW3,10
AC133865.1,10
AC099786.3,10
LHX8,10
SLC44A5,10
ACADM,10
RABGGTB,10
MSH4,10
ASB17,10
AC092813.1,10
AC092813.2,10
ST6GALNAC3,10
AC104458.1,10
LINC02567,11
ST6GALNAC5,11
PIGK,11
AK5,11
ZZZ3,11
USP33,11
MIGA1,11
NEXN,11
FUBP1,11
DNAJB4,11
GIPC2,11
PTGFR,11
IFI44L,11
IFI44,11
ADGRL4,11
AL353651.1,11
AL353651.2,11
AC098657.2,11
AL606519.1,11
AL136234.1,11
LINC01781,11
ADGRL2,11
AC093580.1,11
LINC01362,11
LINC01361,11
LINC01712,11
LINC01725,11
AL035706.1,11
TTLL7,11
AL359504.2,11
PRKACB,11
SAMD13,11
DNASE2B,11
RPF1,11
GNG5,11
SPATA1,11
CTBS,11
LINC01555,11
SSX2IP,11
LPAR3,11
MCOLN2,11
WDR63,11
MCOLN3,11
SYDE2,11
C1orf52,11
BCL10,11
DDAH1,11
AL360219.1,11
AC092807.3,11
AC092807.2,11
CYR61,11
AC092807.1,11
ZNHIT6,11
COL24A1,11
ODF2L,11
CLCA2,11
CLCA1,11
CLCA4,11
SH3GLB1,11
SELENOF,11
HS2ST1,11
AC093155.3,11
LINC01140,11
AC099062.1,11
LMO4,11
LINC01364,11
LINC01773,11
PKN2,11
GTF2B,11
KYAT3,11
RBMXL1,11
GBP3,11
GBP1,11
GBP2,11
GBP7,11
GBP4,11
GBP5,11
GBP6,11
LRRC8B,11
LRRC8C,11
AC093423.3,11
AC099568.2,11
LRRC8D,11
AL391497.1,11
ZNF326,11
AC092783.1,11
BARHL2,11
LINC01763,11
AC091614.1,12
ZNF644,12
HFM1,12
CDC7,12
TGFBR3,12
BRDT,12
EPHX4,12
SETSIP,12
AC104836.1,12
BTBD8,12
KIAA1107,12
AC104836.2,12
C1orf146,12
GLMN,12
RPAP2,12
GFI1,12
EVI5,12
RPL5,12
FAM69A,12
MTF2,12
TMED5,12
CCDC18,12
DR1,12
FNBP1L,12
BCAR3,12
AL049796.1,12
DNTTIP2,12
GCLM,12
ABCA4,12
ARHGAP29,12
AC097059.1,12
AC097059.2,12
ABCD3,12
F3,12
AC093117.1,12
SLC44A3,12
CNN3,12
ALG14,12
TMEM56,12
TMEM56-RWDD3,12
RWDD3,12
LINC01760,12
LINC01650,12
AL445218.1,12
LINC01761,12
AL356479.1,12
AL683887.1,12
AC099566.1,12
LINC01787,12
PTBP2,12
DPYD,12
LINC01930,12
BX005019.1,12
MIR137HG,12
LINC01776,12
SNX7,12
PLPPR5,12
PLPPR4,12
LINC01708,12
PALMD,12
FRRS1,12
AGL,12
SLC35A3,12
AC118553.2,12
MFSD14A,12
SASS6,12
TRMT13,12
LRRC39,12
DBT,12
RTCA,12
AC104457.2,12
CDC14A,12
GPR88,12
LINC01349,12
VCAM1,12
EXTL2,12
SLC30A7,12
DPH5,12
S1PR1,12
LINC01307,12
LINC01709,12
OLFM3,12
AC114485.1,12
AC099567.1,12
COL11A1,12
AC095032.2,12
RNPC3,12
AMY2B,13
AMY2A,13
AMY1A,13
AMY1B,13
AMY1C,13
LINC01676,13
LINC01677,13
AL355306.2,13
LINC01661,13
PRMT6,13
NTNG1,13
VAV3,13
AL390036.1,13
SLC25A24,13
NBPF4,13
AL359258.1,13
AL390038.1,13
NBPF6,13
FAM102B,13
HENMT1,13
PRPF38B,13
FNDC7,13
STXBP3,13
AKNAD1,13
AL449266.1,13
GPSM2,13
CLCC1,13
WDR47,13
TAF13,13
TMEM167B,13
AL356488.2,13
C1orf194,13
KIAA1324,13
SARS,13
CELSR2,13
PSRC1,13
MYBPHL,13
SORT1,13
PSMA5,13
SYPL2,13
ATXN7L2,13
CYB561D1,13
AMIGO1,13
GPR61,13
GNAI3,13
GNAT2,13
AMPD2,13
GSTM4,13
GSTM2,13
GSTM1,13
GSTM5,13
GSTM3,13
EPS8L3,13
LINC01768,13
AL450468.2,13
CSF1,13
AHCYL1,13
STRIP1,13
ALX3,13
UBL4B,13
SLC6A17,13
KCNC4,13
RBM15,13
SLC16A4,13
LAMTOR5,13
PROK1,13
AL358215.2,13
CYMP-AS1,13
KCNA10,13
KCNA2,13
AL365361.1,13
KCNA3,13
CD53,13
LRIF1,13
DRAM2,13
CEPT1,13
DENND2D,13
CHI3L2,13
CHIA,13
PIFO,13
OVGP1,13
WDR77,13
ATP5F1,13
C1orf162,13
TMIGD3,13
ADORA3,13
RAP1A,14
LINC01160,14
FAM212B,14
DDX20,14
KCND3,14
LINC01750,14
AL445426.1,14
CTTNBP2NL,14
WNT2B,14
ST7L,14
CAPZA1,14
MOV10,14
RHOC,14
AL603832.3,14
PPM1J,14
FAM19A3,14
LINC01356,14
AL390729.1,14
SLC16A1,14
AL357055.3,14
LRIG2,14
MAGI3,14
PHTF1,14
RSBN1,14
PTPN22,14
BCL2L15,14
AP4B1,14
DCLRE1B,14
HIPK1,14
OLFML3,14
SYT6,14
AL121999.1,14
TRIM33,14
BCAS2,14
DENND2C,14
AMPD1,14
NRAS,14
CSDE1,14
SIKE1,14
SYCP1,14
TSHB,14
TSPAN2,14
LINC01765,14
NGF,14
VANGL1,14
CASQ2,14
NHLH2,14
LINC01649,14
SLC22A15,14
MAB21L3,14
LINC01779,14
ATP1A1,14
LINC01762,14
AL136376.1,14
AL390066.1,14
CD58,14
IGSF3,14
C1orf137,14
CD2,14
AL157904.1,14
PTGFRN,14
CD101,14
TTF2,14
TRIM45,14
VTCN1,14
LINC01525,14
AL358072.1,14
MAN1A2,14
FAM46C,14
GDAP2,14
WDR3,14
SPAG17,14
TBX15,14
AL139420.1,14
AL139420.2,14
WARS2,14
AL359915.1,14
LINC01780,14
HAO2,14
HSD3B2,14
HSD3B1,14
ZNF697,14
PHGDH,14
HMGCS2,14
REG4,14
ADAM30,15
NOTCH2,15
AC245008.1,15
SEC22B,15
NBPF26,15
PPIAL4A,15
LINC00623,15
FCGR1B,15
AC244453.1,15
FAM72B,15
SRGAP2C,15
AC244021.1,15
AC244021.2,15
AL592494.1,15
AL592494.3,15
LINC01691,15
AC239859.3,15
AC239800.2,15
AC239800.3,15
AC239798.2,15
HIST2H3PS2,15
FAM72C,15
IGKV1OR1-1,15
AC245595.1,15
PPIAL4E,15
AC246785.3,15
NBPF15,15
PPIAL4F,15
LINC01632,15
FP700111.1,15
SRGAP2B,15
FAM72D,15
PPIAL4D,15
AC245014.3,15
AC245014.1,15
NBPF20,15
GPR89A,15
PDZK1,15
CD160,15
RNF115,15
POLR3C,15
NUDT17,15
PIAS3,15
ANKRD35,15
ITGA10,15
PEX11B,15
RBM8A,15
AC243547.3,15
LIX1L,15
ANKRD34A,15
POLR3GL,15
TXNIP,15
HFE2,15
LINC01719,15
NBPF10,15
AC239799.1,15
NOTCH2NL,15
AC239799.2,15
AC243756.1,15
AC245407.1,15
NBPF12,15
AC244394.2,15
PRKAB2,15
FMO5,15
CHD1L,15
BCL9,15
ACP6,15
AC241644.1,15
GJA5,15
AC241644.2,15
GJA8,15
GPR89B,15
AC239803.2,15
AC239803.3,15
NBPF11,15
AC239809.3,15
AC239803.1,15
LINC01731,15
AC245100.6,15
AC245100.1,15
AC245100.7,15
PPIAL4G,15
NBPF14,15
NUDT4P1,15
PDE4DIP,16
AC239804.1,16
NBPF9,16
AC245297.3,16
AC245297.2,16
NBPF19,16
PPIAL4C,16
LINC00869,16
AC242842.1,16
FCGR1A,16
HIST2H2BF,16
HIST2H3D,16
HIST2H4A,16
HIST2H3C,16
HIST2H2AA3,16
AC239868.4,16
HIST2H2AA4,16
HIST2H3A,16
HIST2H4B,16
HIST2H2BE,16
HIST2H2AC,16
HIST2H2AB,16
BOLA1,16
SV2A,16
SF3B4,16
MTMR11,16
OTUD7B,16
VPS45,16
PLEKHO1,16
ANP32E,16
CA14,16
APH1A,16
C1orf54,16
CIART,16
MRPS21,16
PRPF3,16
RPRD2,16
TARS2,16
ECM1,16
FALEC,16
ADAMTSL4,16
MCL1,16
ENSA,16
GOLPH3L,16
HORMAD1,16
CTSS,16
CTSK,16
ARNT,16
CTXND2,16
SETDB1,16
CERS2,16
ANXA9,16
MINDY1,16
PRUNE1,16
BNIPL,16
C1orf56,16
CDC42SE1,16
MLLT11,16
GABPB2,16
SEMA6C,16
TNFAIP8L2,16
SCNM1,16
LYSMD1,16
TMOD4,16
VPS72,16
PIP5K1A,16
PSMD4,16
ZNF687,16
PI4KB,16
AL391069.4,16
RFX5,16
SELENBP1,16
PSMB4,16
POGZ,16
CGN,16
TUFT1,16
SNX27,16
CELF3,16
RIIAD1,16
MRPL9,16
OAZ3,16
TDRKH,16
AL589765.6,16
LINGO4,17
RORC,17
C2CD4D,17
THEM5,17
THEM4,17
S100A10,17
S100A11,17
TCHHL1,17
TCHH,17
RPTN,17
AL589986.2,17
HRNR,17
FLG,17
FLG2,17
CRNN,17
LCE5A,17
CRCT1,17
LCE3E,17
LCE3D,17
LCE3C,17
LCE3B,17
LCE3A,17
LINC00302,17
LCE2D,17
LCE2C,17
LCE2B,17
LCE2A,17
LCE4A,17
C1orf68,17
KPRP,17
LCE1F,17
LCE1E,17
LCE1D,17
LCE1C,17
LCE1B,17
LCE1A,17
LCE6A,17
SMCP,17
IVL,17
SPRR5,17
SPRR4,17
SPRR1A,17
SPRR3,17
SPRR1B,17
SPRR2D,17
SPRR2A,17
SPRR2B,17
SPRR2E,17
SPRR2F,17
SPRR2G,17
AL161636.1,17
LELP1,17
PRR9,17
LOR,17
PGLYRP3,17
PGLYRP4,17
S100A9,17
S100A12,17
S100A8,17
S100A7A,17
S100A7L2,17
S100A7,17
S100A6,17
S100A5,17
S100A4,17
S100A3,17
S100A2,17
S100A16,17
S100A14,17
S100A13,17
S100A1,17
CHTOP,17
SNAPIN,17
ILF2,17
NPR1,17
INTS3,17
AL513523.10,17
SLC27A3,17
GATAD2B,17
DENND4B,17
CRTC2,17
SLC39A1,17
CREB3L4,18
JTB,18
AL358472.2,18
RAB13,18
RPS27,18
NUP210L,18
TPM3,18
C1orf189,18
C1orf43,18
UBAP2L,18
HAX1,18
AQP10,18
ATP8B2,18
IL6R,18
SHE,18
TDRD10,18
UBE2Q1,18
CHRNB2,18
ADAR,18
KCNN3,18
PMVK,18
AL451085.1,18
PBXIP1,18
PYGO2,18
SHC1,18
CKS1B,18
FLAD1,18
LENEP,18
ZBTB7B,18
DCST2,18
DCST1,18
ADAM15,18
EFNA4,18
AL691442.1,18
EFNA3,18
EFNA1,18
SLC50A1,18
DPM3,18
KRTCAP2,18
AL713999.1,18
TRIM46,18
MUC1,18
THBS3,18
MTX1,18
GBA,18
FAM189B,18
SCAMP3,18
CLK2,18
HCN3,18
PKLR,18
FDPS,18
RUSC1,18
ASH1L,18
MSTO1,18
YY1AP1,18
DAP3,18
GON4L,18
SYT11,18
RIT1,18
KHDC4,18
RXFP4,18
ARHGEF2,18
SSR2,18
UBQLN4,18
LAMTOR2,18
RAB25,18
MEX3A,18
LMNA,18
SEMA4A,18
SLC25A44,18
PMF1-BGLAP,18
PMF1,18
BGLAP,18
PAQR6,18
SMG5,18
TMEM79,18
GLMP,18
VHLL,18
CCT3,18
TSACC,18
RHBG,18
AL139130.1,19
C1orf61,19
AL139412.1,19
MEF2D,19
AL365181.1,19
IQGAP3,19
TTC24,19
NAXE,19
GPATCH4,19
AL365181.4,19
HAPLN2,19
AL365181.2,19
BCAN,19
NES,19
AL590666.3,19
CRABP2,19
ISG20L2,19
RRNAD1,19
MRPL24,19
HDGF,19
PRCC,19
SH2D2A,19
NTRK1,19
INSRR,19
PEAR1,19
LRRC71,19
ARHGEF11,19
ETV3L,19
ETV3,19
AL138900.1,19
AL138900.3,19
AL138900.2,19
FCRL5,19
FCRL4,19
FCRL3,19
FCRL2,19
FCRL1,19
CD5L,19
KIRREL1,19
LINC01704,19
CD1D,19
AL138899.1,19
CD1A,19
CD1C,19
CD1B,19
CD1E,19
OR10T2,19
OR10K2,19
OR10K1,19
OR10R2,19
OR6Y1,19
OR6P1,19
OR10Z1,19
SPTA1,19
OR6K2,19
OR6K3,19
OR6N1,19
OR6K6,19
OR6N2,19
MNDA,19
PYHIN1,19
IFI16,19
AIM2,19
CADM3,19
ACKR1,19
FCER1A,19
OR10J3,19
OR10J1,19
AL663023.1,19
OR10J5,19
APCS,19
CRP,19
DUSP23,19
FCRL6,19
SLAMF8,19
SNHG28,19
VSIG8,19
AL590560.1,19
CFAP45,19
TAGLN2,19
IGSF9,20
SLAMF9,20
LINC01133,20
KCNJ10,20
PIGM,20
KCNJ9,20
IGSF8,20
ATP1A2,20
ATP1A4,20
CASQ1,20
PEA15,20
DCAF8,20
AL139011.2,20
PEX19,20
COPA,20
NCSTN,20
NHLH1,20
VANGL2,20
SLAMF6,20
CD84,20
SLAMF1,20
CD48,20
SLAMF7,20
LY9,20
CD244,20
ITLN1,20
AL354714.3,20
ITLN2,20
F11R,20
AL591806.3,20
TSTD1,20
USF1,20
ARHGAP30,20
NECTIN4,20
KLHDC9,20
PFDN2,20
NIT1,20
DEDD,20
UFC1,20
USP21,20
PPOX,20
B4GALT3,20
ADAMTS4,20
NDUFS2,20
FCER1G,20
APOA2,20
TOMM40L,20
NR1I3,20
PCP4L1,20
MPZ,20
SDHC,20
CFAP126,20
AL592295.4,20
AL592295.3,20
AL831711.1,20
FCGR2A,20
HSPA6,20
FCGR3A,20
FCGR3B,20
FCGR2B,20
FCRLA,20
FCRLB,20
DUSP12,20
ATF6,20
OLFML2B,20
AL590408.1,20
NOS1AP,20
AL512785.2,20
C1orf226,20
SPATA46,20
SH2D1B,20
UHMK1,20
UAP1,20
DDR2,20
HSD17B7,20
CCDC190,20
RGS4,20
RGS5,20
AL592435.1,20
NUF2,21
PBX1,21
LMX1A,21
RXRG,21
LRRC52,21
AL356441.1,21
MGST3,21
ALDH9A1,21
AL451074.6,21
TMCO1,21
UCK2,21
FAM78B,21
AL390115.1,21
AL583804.1,21
LINC01675,21
POGK,21
TADA1,21
ILDR2,21
MAEL,21
GPA33,21
DUSP27,21
AL451050.2,21
POU2F1,21
CD247,21
AL359962.2,21
CREG1,21
RCSD1,21
MPZL1,21
ADCY10,21
MPC2,21
DCAF6,21
GPR161,21
TIPRL,21
SFT2D2,21
TBX19,21
AL023755.1,21
AL022100.2,21
XCL2,21
XCL1,21
DPT,21
AL031275.1,21
LINC00626,21
ATP1B1,21
NME7,21
BLZF1,21
CCDC181,21
SLC19A2,21
AL021068.1,21
F5,21
SELP,21
C1orf112,21
SELL,21
SELE,21
AL021940.1,21
METTL18,21
SCYL3,21
KIFAP3,21
METTL11B,21
LINC01681,21
LINC01142,21
GORAB,21
AL162399.1,21
AL023495.1,21
PRRX1,21
Z97200.1,21
MROH9,21
FMO3,21
FMO2,21
FMO1,21
FMO4,21
PRRC2C,21
MYOCOS,21
MYOC,21
VAMP4,21
METTL13,21
DNM3,21
PIGC,21
C1orf105,21
SUCO,22
FASLG,22
AL031599.1,22
Z97198.1,22
TNFSF18,22
AL022310.1,22
TNFSF4,22
PRDX6,22
SLC9C2,22
ANKRD45,22
TEX50,22
KLHL20,22
CENPL,22
DARS2,22
ZBTB37,22
SERPINC1,22
RC3H1,22
AL121983.1,22
AL121983.2,22
RABGAP1L,22
GPR52,22
CACYBP,22
MRPS14,22
TNN,22
KIAA0040,22
AL008626.1,22
TNR,22
LINC01657,22
AL513329.1,22
RFWD2,22
PAPPA2,22
ASTN1,22
BRINP2,22
LINC01645,22
AL122019.1,22
LINC01741,22
SEC16B,22
RASAL2-AS1,22
RASAL2,22
CLEC20A,22
TEX35,22
C1orf220,22
AL137796.1,22
RALGPS2,22
ANGPTL1,22
FAM20B,22
TOR3A,22
ABL2,22
SOAT1,22
AXDND1,22
NPHS2,22
TDRD5,22
AL359853.3,22
FAM163A,22
AL359853.2,22
TOR1AIP2,22
AL353708.3,22
TOR1AIP1,22
AL353708.2,22
AL353708.1,22
CEP350,22
AL390718.1,22
QSOX1,22
LHX4,22
ACBD6,22
OVAAL,22
XPR1,22
AL162431.1,22
KIAA1614,22
STX6,22
MR1,22
IER5,22
LINC01732,22
AL358393.1,22
LINC01699,22
CACNA1E,22
AL161734.1,22
ZNF648,23
AL355482.1,23
AL355482.2,23
AL390856.1,23
LINC01344,23
GLUL,23
TEDDM1,23
LINC00272,23
RGSL1,23
RNASEL,23
RGS16,23
LINC01686,23
RGS8,23
LINC01688,23
NPL,23
DHX9,23
SHCBP1L,23
LAMC1,23
LAMC2,23
NMNAT2,23
SMG7,23
NCF2,23
ARPC5,23
RGL1,23
APOBEC4,23
COLGALT2,23
TSEN15,23
AL445228.1,23
AL445228.2,23
C1orf21,23
EDEM3,23
FAM129A,23
LINC01633,23
RNF2,23
TRMT1L,23
SWT1,23
IVNS1ABP,23
AL078644.1,23
LINC01350,23
AL133383.1,23
HMCN1,23
PRG4,23
TPR,23
C1orf27,23
OCLM,23
PDC,23
AL096803.3,23
PTGS2,23
PACERR,23
PLA2G4A,23
LINC01036,23
LINC01037,23
AL391813.2,23
ERVMER61-1,23
AL596211.1,23
AL929288.1,23
AL691515.1,23
AL691515.2,23
LINC01035,23
LINC01701,23
AL591504.1,23
BRINP3,23
LINC01351,23
AL391645.1,23
LINC01720,23
AL713866.1,23
LINC01680,23
AL359081.1,23
AL954650.1,23
RGS18,23
RGS21,23
AL136987.2,23
RGS1,23
RGS13,23
RGS2,23
LINC01032,23
UCHL5,24
TROVE2,24
GLRX2,24
CDC73,24
B3GALT2,24
LINC01031,24
AL357793.1,24
AL357793.2,24
AL356272.1,24
AL513348.1,24
LINC01724,24
KCNT2,24
CFH,24
CFHR3,24
BX248415.1,24
CFHR1,24
CFHR4,24
CFHR2,24
CFHR5,24
F13B,24
ASPM,24
ZBTB41,24
CRB1,24
DENND1B,24
C1orf53,24
LHX9,24
NEK7,24
ATP6V1G3,24
AL157402.1,24
PTPRC,24
MIR181A1HG,24
AC096631.1,24
LINC01222,24
LINC01221,24
AC099673.1,24
NR5A2,24
LINC00862,24
AC097065.2,24
AC104461.1,24
ZNF281,24
AL359834.1,24
KIF14,24
DDX59,24
AL445483.1,24
CAMSAP2,24
GPR25,24
INAVA,24
KIF21B,24
CACNA1S,24
ASCL5,24
TMEM9,24
IGFN1,24
PKP1,24
TNNT2,24
LAD1,24
TNNI1,24
PHLDA3,24
CSRP1,24
NAV1,24
IPO9,24
SHISA4,24
LMOD1,24
TIMM17A,24
RNPEP,24
ELF3,24
GPR37L1,24
ARL8A,24
PTPN7,24
LGR6,24
UBE2T,24
PPP1R12B,24
SYT2,24
AC104463.1,24
KDM5B,24
RABIF,24
KLHL12,25
ADIPOR1,25
CYB5R1,25
TMEM183A,25
PPFIA4,25
MYOG,25
ADORA1,25
MYBPH,25
CHI3L1,25
CHIT1,25
LINC01353,25
LINC01136,25
BTG2,25
FMOD,25
PRELP,25
OPTC,25
ATP2B4,25
LAX1,25
ZC3H11A,25
ZBED6,25
SNRPE,25
LINC00303,25
SOX13,25
ETNK2,25
REN,25
KISS1,25
GOLT1A,25
PLEKHA6,25
LINC00628,25
PPP1R15B,25
PIK3C2B,25
MDM4,25
LRRN2,25
AL512306.2,25
AL161793.1,25
NFASC,25
CNTN2,25
TMEM81,25
RBBP5,25
DSTYK,25
TMCC2,25
NUAK2,25
KLHDC8A,25
LEMD1,25
BLACAT1,25
AC098936.1,25
CDK18,25
MFSD4A,25
ELK4,25
SLC45A3,25
NUCKS1,25
RAB29,25
SLC41A1,25
PM20D1,25
SLC26A9,25
RAB7B,25
CTSE,25
C1orf186,25
AVPR1B,25
AC244035.3,25
FAM72A,25
SRGAP2,25
IKBKE,25
AC244034.2,25
RASSF5,25
EIF2D,25
DYRK3,25
MAPKAPK2,25
IL10,25
IL19,25
IL20,25
IL24,25
FCMR,25
PIGR,25
FCAMR,26
C1orf116,26
PFKFB2,26
YOD1,26
C4BPB,26
C4BPA,26
AL445493.2,26
AL596218.1,26
CD55,26
AL391597.1,26
AL391597.2,26
CR2,26
CR1,26
CR1L,26
CD46,26
C1orf132,26
CD34,26
AL356275.1,26
PLXNA2,26
LINC01735,26
AC099793.1,26
LINC01717,26
LINC01774,26
AC092810.3,26
LINC01696,26
LINC01698,26
AL023754.1,26
CAMK1G,26
LAMB3,26
G0S2,26
HSD11B1,26
TRAF3IP3,26
C1orf74,26
IRF6,26
DIEXF,26
SYT14,26
SERTAD4,26
HHAT,26
KCNH1,26
AL590132.1,26
AC092017.3,26
RCOR3,26
TRAF5,26
LINC00467,26
RD3,26
AC105275.1,26
SLC30A1,26
AL356310.1,26
LINC01693,26
NEK2,26
AC096637.1,26
LPGAT1,26
INTS7,26
DTL,26
AL606468.1,26
AL451060.1,26
PPP2R5A,26
TMEM206,26
NENF,26
AC092803.1,26
LINC01740,26
AC092803.2,26
ATF3,26
FAM71A,26
AL590648.3,26
BATF3,26
NSL1,26
TATDN3,26
SPATA45,26
FLVCR1-AS1,26
FLVCR1,26
AC104333.4,26
VASH2,26
ANGEL2,27
RPS6KC1,27
AL592402.1,27
AC096639.1,27
LINC00538,27
PROX1,27
AL592287.1,27
SMYD2,27
PTPN14,27
CENPF,27
KCNK2,27
AL450990.1,27
KCTD3,27
USH2A,27
ESRRG,27
GPATCH2,27
SPATA17,27
LINC00210,27
AL355526.1,27
LINC01653,27
RRP15,27
TGFB2,27
C1orf143,27
LINC01710,27
LYPLAL1,27
AL360093.1,27
AC096642.1,27
AL513283.1,27
AL356364.1,27
ZC3H11B,27
SLC30A10,27
EPRS,27
BPNT1,27
IARS2,27
RAB3GAP2,27
AL451081.1,27
AC096644.4,27
AC096644.1,27
MARK1,27
C1orf115,27
MARC2,27
MARC1,27
RNU6ATAC35P,27
AL445423.1,27
LINC01352,27
HLX,27
C1orf140,27
AL360013.2,27
DUSP10,27
LINC01655,27
LINC02257,27
LINC02474,27
LINC01705,27
AL356108.1,27
AL513314.1,27
AL513314.2,27
HHIPL2,27
TAF1A,27
MIA3,27
AIDA,27
BROX,27
FAM177B,27
AL392172.1,27
AC093152.1,27
DISP1,27
TLR5,27
AL359979.2,27
AL359979.1,27
SUSD4,27
CCDC185,27
CAPN8,27
CAPN2,27
TP53BP2,28
AC138393.3,28
FBXO28,28
DEGS1,28
NVL,28
CNIH4,28
WDR26,28
CNIH3,28
DNAH14,28
LBR,28
AC092811.2,28
ENAH,28
SRP9,28
EPHX1,28
TMEM63A,28
LEFTY1,28
AL117348.2,28
PYCR2,28
LEFTY2,28
SDE2,28
H3F3A,28
LINC01703,28
ACBD3,28
MIXL1,28
LIN9,28
PARP1,28
STUM,28
ITPKB,28
PSEN2,28
COQ8A,28
CDC42BPA,28
LINC01641,28
ZNF678,28
SNAP47,28
JMJD4,28
PRSS38,28
WNT9A,28
WNT3A,28
AL136379.1,28
ARF1,28
C1orf35,28
MRPL55,28
GUK1,28
GJC2,28
IBA57-AS1,28
IBA57,28
OBSCN-AS1,28
OBSCN,28
AL670729.3,28
TRIM11,28
TRIM17,28
HIST3H3,28
HIST3H2A,28
HIST3H2BB,28
RNF187,28
RHOU,28
AL137793.2,28
AL137793.1,28
TMEM78,28
RAB4A,28
SPHAR,28
CCSAP,28
ACTA1,28
NUP133,28
ABCB10,28
TAF5L,28
URB2,28
LINC01682,28
LINC01736,28
GALNT2,28
PGBD5,28
AL133516.1,29
LINC01737,29
COG2,29
AGT,29
CAPN9,29
AL118511.2,29
C1orf198,29
TTC13,29
ARV1,29
FAM89A,29
TRIM67,29
AL109810.2,29
C1orf131,29
GNPAT,29
EXOC8,29
SPRTN,29
EGLN1,29
TSNAX,29
TSNAX-DISC1,29
DISC1,29
AL353052.1,29
AL353052.2,29
SIPA1L2,29
LINC01745,29
LINC01744,29
MAP10,29
NTPCR,29
PCNX2,29
MAP3K21,29
KCNK1,29
SLC35F3,29
COA6,29
TARBP1,29
LINC01354,29
AL161640.1,29
IRF2BP2,29
LINC00184,29
AL160408.5,29
AL160408.1,29
AL160408.4,29
AL160408.3,29
AL160408.6,29
LINC01132,29
AL360294.1,29
AL391832.1,29
AL391832.2,29
AL391832.3,29
LINC01348,29
AL732292.2,29
TOMM20,29
RBM34,29
ARID4B,29
GGPS1,29
TBCE,29
B3GALNT2,29
GNG4,29
LYST,29
AL139161.2,29
AL139161.1,29
NID1,29
GPR137B,29
ERO1B,29
EDARADD,29
LGALS8,29
HEATR1,29
ACTN2,29
MTR,29
MT1HL1,29
RYR2,29
ZP4,29
MTRNR2L11,30
AL356010.2,30
LINC01139,30
AL359551.1,30
AC093426.1,30
CHRM3,30
AL356361.2,30
FMN2,30
GREM2,30
AL365184.2,30
RGS7,30
AL359764.1,30
FH,30
KMO,30
OPN3,30
CHML,30
WDR64,30
EXO1,30
BECN2,30
MAP1LC3C,30
PLD5,30
AL606534.4,30
CEP170,30
SDCCAG8,30
AKT3,30
AL591885.1,30
ZBTB18,30
AL590483.1,30
AL590483.2,30
C1orf100,30
ADSS,30
CATSPERE,30
DESI2,30
AL451007.3,30
AL451007.2,30
COX20,30
HNRNPU,30
BX323046.1,30
EFCAB2,30
KIF26B,30
SMYD3,30
LINC01743,30
TFB2M,30
CNST,30
AL591848.3,30
AL591848.2,30
SCCPDH,30
AL591848.4,30
AHCTF1,30
ZNF695,30
ZNF670-ZNF695,30
ZNF670,30
ZNF669,30
C1orf229,30
ZNF124,30
AL390728.6,30
AL390728.5,30
ZNF496,30
NLRP3,30
OR2B11,30
GCSAML,30
OR2C3,30
OR2G2,30
OR2G3,30
OR13G1,30
OR6F1,30
AC118470.1,30
OR14A2,30
OR14K1,30
OR1C1,31
OR14A16,31
OR11L1,31
TRIM58,31
OR2W3,31
OR2T8,31
OR2AJ1,31
OR2AK2,31
OR2L5,31
OR2L2,31
OR2L3,31
OR2L13,31
OR2M5,31
OR2M2,31
OR2M3,31
OR2M4,31
OR2T33,31
OR2T12,31
OR2M7,31
OR14C36,31
OR2T4,31
OR2T6,31
OR2T1,31
OR2T2,31
OR2T3,31
AC138089.1,31
OR2T5,31
OR2G6,31
OR2T29,31
OR2T34,31
OR2T10,31
OR2T35,31
OR2T27,31
OR14I1,31
LYPD8,31
SH3BP5L,31
ZNF672,31
ZNF692,31
PGBD2,31
FAM110C,31
SH3YL1,31
ACP1,31
ALKAL2,31
AC079779.3,31
AC079779.4,31
LINC01865,31
AC105393.2,31
AC105393.1,31
LINC01874,31
AC093326.2,31
LINC01875,31
AC093326.1,31
TMEM18,31
AC092159.1,31
LINC01115,31
AC116609.2,31
AC116609.1,31
LINC01115-1,31
LINC01939,31
SNTG2,31
TPO,31
AC141930.3,31
AC141930.2,31
AC144450.1,31
PXDN,31
MYT1L,31
AC018685.2,31
AC018685.1,31
AC011995.2,32
AC011995.1,32
LINC01250,32
AC019118.2,32
AC019118.1,32
EIPR1,32
TRAPPC12,32
AC114810.1,32
ADI1,32
AC108488.1,32
AC108488.2,32
RNASEH1,32
RPS7,32
COLEC11,32
ALLC,32
DCDC2C,32
LINC01304,32
AC012445.1,32
LINC01249,32
AC107057.1,32
SOX11,32
AC010729.1,32
LINC01810,32
AC017053.1,32
LINC01247,32
LINC01824,32
MIR7515HG,32
LINC00487,32
CMPK2,32
RSAD2,32
AC017076.1,32
RNF144A,32
AC010904.2,32
AC092580.2,32
LINC01871,32
AC007463.1,32
LINC00298,32
LINC00299,32
U91324.1,32
AC011747.2,32
LINC01814,32
AC011747.1,32
ID2,32
KIDINS220,32
MBOAT2,32
AC093904.4,32
AC093904.3,32
AC093904.1,32
ASAP2,32
ITGB1BP1,32
CPSF3,32
IAH1,32
ADAM17,32
AC073195.1,32
YWHAQ,32
AC082651.1,32
AC082651.4,32
AC082651.3,32
TAF1B,32
AC010969.2,32
GRHL1,32
AC104794.3,32
AC104794.2,32
KLF11,32
CYS1,32
AC104794.1,32
RRM2,32
AC007240.1,33
C2orf48,33
HPCAL1,33
ODC1,33
AC007249.2,33
AC007249.1,33
NOL10,33
RN7SL832P,33
AC092687.2,33
ATP6V1C2,33
AC092687.3,33
PDIA6,33
AC092687.1,33
LINC01954,33
KCNF1,33
AC062028.1,33
C2orf50,33
PQLC3,33
ROCK2,33
AC099344.1,33
AC099344.2,33
LINC00570,33
E2F6,33
GREB1,33
NTSR2,33
AC106875.2,33
LPIN1,33
MIR3681HG,33
AC096559.1,33
AC009486.1,33
TRIB2,33
AC073062.1,33
LINC00276,33
AC016730.1,33
AC011897.1,33
FAM84A,33
AC068286.1,33
NBAS,33
DDX1,33
LINC01804,33
AC113608.2,33
MYCNUT,33
MYCN,33
AC010145.1,33
GACAT3,33
AC130710.1,33
AC010745.1,33
AC010745.2,33
AC010745.3,33
AC010745.4,33
AC010880.1,33
FAM49A,33
AC008164.1,33
LINC01866,33
RAD51AP2,33
VSNL1,33
SMC6,33
GEN1,33
MSGN1,33
KCNS3,33
AC079148.1,33
RDH14,33
NT5C1B-RDH14,33
NT5C1B,33
AC106053.1,33
LINC01376,33
OSR1,34
AC010096.1,34
LINC01808,34
AC019055.1,34
LINC00954,34
TTC32,34
AC013400.1,34
WDR35,34
MATN3,34
LAPTM4A,34
AC098828.2,34
AC098828.3,34
SDC1,34
PUM2,34
RHOB,34
AC023137.1,34
AC012065.1,34
HS1BP3,34
AC012065.3,34
GDF7,34
AC012065.4,34
LDAH,34
AC012361.1,34
AC115619.1,34
APOB,34
TDRD15,34
AC018742.1,34
AC011752.1,34
AC009411.2,34
AC009411.1,34
LINC01822,34
LINC01830,34
AC068490.1,34
AC096570.1,34
LINC01884,34
AC018467.1,34
AC012506.1,34
AC012506.3,34
AC012506.2,34
AC012506.4,34
KLHL29,34
AC009242.1,34
ATAD2B,34
UBXN2A,34
MFSD2B,34
WDCP,34
FKBP1B,34
SF3B6,34
FAM228B,34
TP53I3,34
PFN4,34
AC008073.3,34
FAM228A,34
ITSN2,34
NCOA1,34
PTRHD1,34
CENPO,34
ADCY3,34
DNAJC27,34
EFR3B,34
POMC,34
DNMT3A,34
AC012074.1,34
DTNB,34
ASXL2,34
KIF3C,35
RAB10,35
GAREM2,35
HADHA,35
HADHB,35
ADGRF3,35
SELENOI,35
DRC1,35
OTOF,35
C2orf70,35
CIB4,35
KCNK3,35
SLC35F6,35
CENPA,35
DPYSL5,35
MAPRE3,35
TMEM214,35
AGBL5,35
OST4,35
EMILIN1,35
KHK,35
CGREF1,35
ABHD1,35
PREB,35
PRR30,35
TCF23,35
SLC5A6,35
ATRAID,35
CAD,35
SLC30A3,35
DNAJC5G,35
TRIM54,35
UCN,35
MPV17,35
GTF3C2,35
EIF2B4,35
SNX17,35
ZNF513,35
PPM1G,35
NRBP1,35
KRTCAP3,35
IFT172,35
FNDC4,35
GCKR,35
C2orf16,35
ZNF512,35
CCDC121,35
GPN1,35
SUPT7L,35
SLC4A1AP,35
LINC01460,35
MRPL33,35
RBKS,35
BABAM2,35
FOSL2,35
AC104695.2,35
AC104695.1,35
PLB1,35
PPP1CB,35
SPDYA,35
AC097724.1,35
TRMT61B,35
WDR43,35
TOGARAM2,35
C2orf71,36
CLIP4,36
ALK,36
YPEL5,36
LBH,36
LINC01936,36
LCLAT1,36
CAPN13,36
GALNT14,36
CAPN14,36
EHD3,36
XDH,36
SRD5A2,36
LINC01946,36
AL121652.1,36
MEMO1,36
DPY30,36
SPAST,36
AL121658.1,36
SLC30A6,36
NLRC4,36
YIPF4,36
AL133245.1,36
BIRC6,36
TTC27,36
LINC00486,36
AL121656.1,36
LTBP1,36
RASGRP3,36
FAM98A,36
LINC01317,36
LINC01318,36
AC068599.1,36
LINC01320,36
AC073218.2,36
AC073218.1,36
AC012593.1,36
AC019064.1,36
AC009414.2,36
CRIM1,36
FEZ2,36
VIT,36
STRN,36
HEATR5B,36
GPATCH11,36
EIF2AK2,36
SULT6B1,36
CEBPZOS,36
CEBPZ,36
NDUFAF7,36
PRKD3,36
AC007391.1,36
QPCT,36
CDC42EP3,36
AC006369.2,36
LINC00211,36
RMDN2,36
CYP1B1,36
AC009229.2,36
AC009229.3,36
AC009229.1,36
ATL2,36
AC011247.1,36
LINC01883,37
HNRNPLL,37
GALM,37
SRSF7,37
GEMIN6,37
DHX57,37
MORN2,37
ARHGEF33,37
SOS1,37
CDKL4,37
MAP4K3,37
TMEM178A,37
THUMPD2,37
SLC8A1,37
LINC01794,37
LINC01913,37
LINC01914,37
C2orf91,37
PKDCC,37
EML4,37
COX7A2L,37
KCNG3,37
MTA3,37
OXER1,37
HAAO,37
AC016735.1,37
LINC01819,37
AC016735.2,37
LINC02580,37
ZFP36L2,37
LINC01126,37
THADA,37
PLEKHH2,37
C1GALT1C1L,37
DYNC2LI1,37
ABCG5,37
ABCG8,37
LRPPRC,37
PPM1B,37
SLC3A1,37
PREPL,37
CAMKMT,37
LINC01833,37
SIX3-AS1,37
SIX3,37
AC012354.1,37
SIX2,37
AC093702.1,37
AC093833.1,37
SRBD1,37
PRKCE,37
EPAS1,37
LINC01820,37
TMEM247,37
ATP6V1E2,37
RHOQ,37
PIGF,37
CRIPT,37
SOCS5,37
AC016722.3,37
LINC01118,37
LINC01119,37
AC016722.1,38
MCFD2,38
TTC7A,38
STPG4,38
STPG4-1,38
CALM2,38
AC106869.1,38
AC073283.2,38
EPCAM,38
MSH2,38
KCNK12,38
MSH6,38
FBXO11,38
AC092650.1,38
FOXN2,38
AC093635.1,38
PPP1R21,38
STON1,38
STON1-GTF2A1L,38
GTF2A1L,38
AC073082.1,38
LHCGR,38
AC009975.1,38
FSHR,38
AC009975.2,38
AC009971.1,38
NRXN1,38
AC007402.1,38
LINC01867,38
AC139712.3,38
AC010967.1,38
AC010967.2,38
ASB3,38
GPR75-ASB3,38
CHAC2,38
ERLEC1,38
GPR75,38
PSME4,38
ACYP2,38
AC008280.3,38
TSPYL6,38
C2orf73,38
SPTBN1,38
EML6,38
RTN4,38
CLHC1,38
RPS27A,38
MTIF2,38
CCDC88A,38
CFAP36,38
PPP4R3B,38
PNPT1,38
EFEMP1,38
AC011306.1,38
MIR217HG,38
LINC01813,38
CCDC85A,38
VRK2,38
FANCL,38
LINC01795,38
LINC01122,38
LINC01793,39
AC007100.1,39
AC007179.2,39
AC007179.1,39
AC007381.1,39
MIR4432HG,39
BCL11A,39
PAPOLG,39
LINC01185,39
REL,39
PUS10,39
PEX13,39
KIAA1841,39
C2orf74,39
AC016747.2,39
AHSA2,39
USP34,39
XPO1,39
FAM161A,39
CCT4,39
COMMD1,39
B3GNT2,39
AC093159.1,39
TMEM17,39
EHBP1,39
OTX1,39
WDPCP,39
MDH1,39
UGP2,39
VPS54,39
AC012368.2,39
PELI1,39
LINC00309,39
AC114752.1,39
AC114752.2,39
LGALSL,39
LINC01805,39
AC008074.3,39
AFTPH,39
LINC02579,39
SERTAD2,39
AC007365.1,39
LINC01800,39
LINC02245,39
SLC1A4,39
CEP68,39
RAB1A,39
ACTR2,39
SPRED2,39
AC012370.2,39
AC007389.3,39
AC007389.5,39
AC118345.1,39
AC092669.1,39
LINC01873,39
MEIS1,39
LINC01798,39
LINC01797,39
LINC01799,39
LINC01628,39
AC007403.1,40
LINC01828,40
LINC01829,40
AC023115.1,40
ETAA1,40
AC007422.1,40
AC007422.2,40
LINC01812,40
C1D,40
WDR92,40
AC017083.3,40
PNO1,40
PPP3R1,40
CNRIP1,40
PLEK,40
FBXO48,40
APLF,40
PROKR1,40
ARHGAP25,40
LINC01890,40
BMP10,40
GKN2,40
GKN1,40
ANTXR1,40
GFPT1,40
NFU1,40
AAK1,40
ANXA4,40
AC092431.1,40
GMCL1,40
SNRNP27,40
MXD1,40
ASPRV1,40
PCBP1,40
AC016700.3,40
LINC01816,40
C2orf42,40
TIA1,40
PCYOX1,40
SNRPG,40
FAM136A,40
TGFA,40
ADD2,40
FIGLA,40
CLEC4F,40
CD207,40
LINC01143,40
VAX2,40
ATP6V1B1,40
AC007040.2,40
ANKRD53,40
TEX261,40
NAGK,40
AC007881.3,40
MCEE,40
MPHOSPH10,40
PAIP2B,40
ZNF638,40
DYSF,40
CYP26B1,41
EXOC6B,41
SPR,41
EMX1,41
SFXN5,41
RAB11FIP5,41
NOTO,41
SMYD5,41
PRADC1,41
CCT7,41
FBXO41,41
EGR4,41
ALMS1,41
NAT8,41
TPRKB,41
AC092653.1,41
DUSP11,41
C2orf78,41
STAMBP,41
ACTG2,41
DGUOK,41
AC073046.1,41
TET3,41
AC073263.1,41
BOLA3,41
MOB1A,41
AC073263.2,41
MTHFD2,41
AC006030.1,41
SLC4A5,41
DCTN1,41
AC005041.1,41
C2orf81,41
WDR54,41
RTKN,41
INO80B,41
INO80B-WBP1,41
WBP1,41
MOGS,41
MRPL53,41
CCDC142,41
TTC31,41
LBX2,41
PCGF1,41
TLX2,41
DQX1,41
AUP1,41
HTRA2,41
LOXL3,41
DOK1,41
M1AP,41
SEMA4F,41
AC019069.1,41
HK2,41
LINC01291,41
AC104135.1,41
LINC01293,41
POLE4,41
TACR1,42
EVA1A,42
MRPL19,42
GCFC2,42
AC005034.4,42
LRRTM4,42
AC084149.1,42
AC084149.2,42
LINC01851,42
AC012494.1,42
AC092660.1,42
REG3G,42
REG1B,42
REG1A,42
REG3A,42
CTNNA2,42
LRRTM1,42
AC012355.1,42
LINC01815,42
AC079896.1,42
AC010105.1,42
LINC01809,42
AC106874.1,42
SUCLG1,42
DNAH6,42
TRABD2A,42
TMSB10,42
KCMF1,42
LINC01964,42
TCF7L1,42
TGOLN2,42
RETSAT,42
ELMOD3,42
CAPG,42
SH2D6,42
MAT2A,42
GGCX,42
VAMP8,42
VAMP5,42
RNF181,42
TMEM150A,42
USP39,42
C2orf68,42
SFTPB,42
GNLY,42
ATOH8,42
ST3GAL5,42
ST3GAL5-AS1,42
AC012511.1,42
POLR1A,42
PTCD3,42
IMMT,42
MRPL35,42
REEP1,42
KDM3A,42
CHMP3,42
RNF103-CHMP3,42
RNF103,43
RMND5A,43
CD8A,43
CD8B,43
RGPD1,43
PLGLB1,43
LINC01955,43
IGKV3OR2-268,43
LINC01943,43
CYTOR,43
PLGLB2,43
RGPD2,43
KRCC1,43
SMYD1,43
FABP1,43
THNSL2,43
FOXI3,43
TEX37,43
EIF2AK3,43
RPIA,43
IGKC,43
IGKJ5,43
IGKJ4,43
IGKJ3,43
IGKJ2,43
IGKJ1,43
IGKV4-1,43
IGKV5-2,43
IGKV7-3,43
IGKV2-4,43
IGKV1-5,43
IGKV1-6,43
IGKV3-7,43
IGKV1-8,43
IGKV1-9,43
IGKV2-10,43
IGKV3-11,43
IGKV1-12,43
IGKV1-13,43
IGKV2-14,43
IGKV3-15,43
IGKV1-16,43
IGKV1-17,43
IGKV2-18,43
IGKV2-19,43
IGKV3-20,43
IGKV6-21,43
IGKV1-22,43
IGKV2-23,43
IGKV2-24,43
IGKV3-25,43
IGKV2-26,43
IGKV1-27,43
IGKV2-28,43
IGKV2-29,43
IGKV2-30,43
IGKV3-31,44
IGKV1-32,44
IGKV1-33,44
IGKV3-34,44
IGKV1-35,44
IGKV2-36,44
IGKV1-37,44
IGKV2-38,44
IGKV1-39,44
IGKV2-40,44
AC006453.2,44
IGKV2D-40,44
IGKV1D-39,44
IGKV2D-38,44
IGKV1D-37,44
IGKV2D-36,44
IGKV1D-35,44
IGKV3D-34,44
IGKV1D-33,44
IGKV1D-32,44
IGKV3D-31,44
IGKV2D-30,44
IGKV2D-29,44
IGKV2D-28,44
IGKV1D-27,44
IGKV2D-26,44
IGKV3D-25,44
IGKV2D-24,44
IGKV2D-23,44
IGKV1D-22,44
IGKV6D-21,44
IGKV3D-20,44
IGKV2D-19,44
IGKV2D-18,44
IGKV6D-41,44
IGKV1D-17,44
IGKV1D-16,44
IGKV3D-15,44
IGKV2D-14,44
IGKV1D-13,44
IGKV1D-12,44
IGKV3D-11,44
IGKV2D-10,44
IGKV1D-42,44
IGKV1D-43,44
IGKV1D-8,44
IGKV3D-7,44
IGKV1OR2-118,44
AC233263.6,44
AC233266.2,44
IGKV1OR2-1,44
AL845331.2,44
ANKRD20A8P,44
TEKT4,44
MAL,44
MRPS5,45
ZNF514,45
ZNF2,45
AC092835.1,45
PROM2,45
KCNIP3,45
FAHD2A,45
TRIM43B,45
AC009237.14,45
AC009237.15,45
TRIM43,45
AC008268.1,45
LINC00342,45
ANKRD36C,45
GPAT2,45
ADRA2B,45
ASTL,45
DUSP2,45
AC012307.1,45
STARD7,45
TMEM127,45
CIAO1,45
SNRNP200,45
ITPRIPL1,45
NCAPH,45
NEURL3,45
ARID5A,45
KANSL3,45
FER1L5,45
LMAN2L,45
CNNM4,45
CNNM3-DT,45
CNNM3,45
ANKRD23,45
ANKRD39,45
SEMA4C,45
FAM178B,45
IGKV2OR2-1,45
IGKV2OR2-2,45
IGKV1OR2-3,45
FAHD2B,45
ANKRD36,45
AC159540.2,45
AC159540.1,45
IGKV1OR2-9,45
IGKV2OR2-10,45
IGKV2OR2-7D,45
IGKV3OR2-5,45
IGKV1OR2-6,45
IGKV2OR2-7,45
IGKV2OR2-8,45
IGKV1OR2-11,45
AC092683.1,45
AC092683.2,45
ANKRD36B,46
COX5B,46
ACTR1B,46
C2orf92,46
ZAP70,46
TMEM131,46
VWA3B,46
CNGA3,46
INPP4A,46
COA5,46
UNC50,46
MGAT4A,46
AC109826.1,46
KIAA1211L,46
TSGA10,46
AC079447.1,46
C2orf15,46
LIPT1,46
AC092587.1,46
MITD1,46
MRPL30,46
LYG2,46
LYG1,46
TXNDC9,46
EIF5B,46
REV1,46
AFF3,46
LINC01104,46
LONRF2,46
CHST10,46
NMS,46
PDCL3,46
LINC01849,46
LINC01868,46
AC092168.1,46
NPAS2,46
RPL31,46
TBC1D8,46
TBC1D8-AS1,46
CNOT11,46
RNF149,46
CREG2,46
RFX8,46
LINC01870,46
MAP4K4,46
LINC01127,46
IL1R2,46
IL1R1,46
IL1RL2,46
IL1RL1,46
IL18R1,46
IL18RAP,46
SLC9A4,46
SLC9A2,47
MFSD9,47
TMEM182,47
LINC01796,47
LINC01935,47
AC108051.1,47
AC073987.1,47
AC013727.1,47
AC013727.2,47
LINC01965,47
AC096554.1,47
AC068535.1,47
LINC01831,47
LINC01102,47
LINC01103,47
AC013402.2,47
AC013402.3,47
AC013402.1,47
AC068057.1,47
LINC01114,47
POU3F3,47
MRPS9,47
LINC01918,47
GPR45,47
AC012360.2,47
TGFBRAP1,47
AC012360.1,47
AC012360.3,47
C2orf49,47
FHL2,47
NCK2,47
AC009505.1,47
C2orf40,47
UXS1,47
RGPD3,47
AC108868.1,47
AC108868.2,47
ST6GAL2,47
LINC01789,47
AC096669.1,47
LINC01885,47
LINC01886,47
GACAT1,47
RGPD4-AS1,47
RGPD4,47
SLC5A7,47
LINC01593,47
SULT1C3,47
SULT1C2,47
SULT1C4,47
GCC2,47
LIMS1,47
RANBP2,48
CCDC138,48
EDAR,48
SH3RF3-AS1,48
SH3RF3,48
SEPT10,48
SOWAHC,48
AC074387.1,48
RGPD5,48
LIMS3,48
AC013271.1,48
LINC01123,48
MALL,48
NPHP1,48
LINC00116,48
LINC01106,48
AC112229.3,48
LIMS4,48
RGPD6,48
BUB1,48
AC114776.1,48
ACOXL,48
BCL2L11,48
AC108463.2,48
MIR4435-2HG,48
AC108463.3,48
AC068491.2,48
AC068491.3,48
AC017002.5,48
AC017002.3,48
AC017002.1,48
AC017002.2,48
ANAPC1,48
MERTK,48
TMEM87B,48
FBLN7,48
ZC3H8,48
ZC3H6,48
RGPD8,48
TTL,48
POLR1B,48
CHCHD5,48
AC012442.1,48
AC079922.2,48
SLC20A1,48
NT5DC4,48
CKAP2L,48
IL1A,48
IL1B,48
IL37,48
IL36G,48
IL36A,49
IL36B,49
IL36RN,49
IL1F10,49
IL1RN,49
PSD4,49
PAX8,49
IGKV1OR2-108,49
AC016745.2,49
CBWD2,49
FOXD4L1,49
LINC01961,49
PGM5P4-AS1,49
FAM138B,49
RABL2A,49
AC017074.2,49
AC017074.1,49
SLC35F5,49
AC104653.2,49
AC104653.1,49
AC110769.2,49
ACTR3,49
LINC01191,49
AC110769.1,49
AC010982.1,49
DPP10,49
DDX18,49
AC009404.1,49
CCDC93,49
INSIG2,49
AC093901.1,49
LINC01956,49
EN1,49
MARCO,49
C1QL2,49
STEAP3,49
C2orf76,49
DBI,49
TMEM37,49
SCTR,49
CFAP221,49
TMEM177,49
PTPN4,49
EPB41L5,49
TMEM185B,49
RALB,49
AC012363.2,49
INHBB,49
AC073257.2,49
AC073257.1,49
AC018866.1,50
GLI2,50
AC017033.1,50
AC067960.1,50
AC079988.1,50
TFCP2L1,50
CLASP1,50
NIFK,50
TSN,50
LINC01823,50
AC062020.1,50
LINC01826,50
AC073409.1,50
CNTNAP5,50
LINC01889,50
LINC01941,50
AC023347.1,50
GYPC,50
TEX51,50
AC012508.2,50
AC012508.1,50
BIN1,50
CYP27C1,50
ERCC3,50
MAP3K2,50
AC068282.1,50
PROC,50
IWS1,50
MYO7B,50
LIMS2,50
GPR17,50
WDR33,50
SFT2D3,50
POLR2D,50
AMMECR1L,50
AC012306.2,50
SAP130,50
UGGT1,50
HS6ST1,50
AC012451.1,50
AC068483.1,50
LINC01854,50
LINC02572,50
LINC01856,50
RAB6C,50
POTEF,50
CCDC74B,50
SMPD4,50
MZT2B,50
TUBA3E,51
CCDC115,51
IMP4,51
PTPN18,51
POTEI,51
CFC1B,51
AC013269.1,51
TISP43,51
CFC1,51
POTEJ,51
GPR148,51
AMER3,51
ARHGEF4,51
AC009477.2,51
FAM168B,51
PLEKHB2,51
POTEE,51
WTH3DI,51
LINC01120,51
AC073869.3,51
MZT2A,51
TUBA3D,51
CCDC74A,51
LINC01087,51
C2orf27B,51
AC103564.1,51
AJ239322.2,51
AJ239322.1,51
LINC01945,51
ANKRD30BL,51
AC097532.1,51
AC097532.2,51
GPR39,51
LYPD1,51
NCKAP5,51
AC011243.1,51
MGAT5,51
TMEM163,51
ACMSD,51
CCNT2,51
MAP3K19,51
RAB3GAP1,51
ZRANB3,51
R3HDM1,51
UBXN4,51
LCT,51
MCM6,51
DARS,51
AC068492.1,52
CXCR4,52
THSD7B,52
HNMT,52
LINC01832,52
AC114763.1,52
AC114763.2,52
SPOPL,52
AC092620.3,52
AC092620.1,52
NXPH2,52
AC062021.1,52
AC016710.1,52
AC078851.1,52
LINC01853,52
LRP1B,52
KYNU,52
ARHGAP15,52
AC079584.1,52
GTDC1,52
ZEB2,52
LINC01412,52
TEX41,52
AC023128.1,52
LINC01966,52
AC096666.1,52
AC092484.1,52
AC079163.1,52
AC062031.1,52
LINC01911,52
AC062032.1,52
ACVR2A,52
ORC4,52
MBD5,52
EPC2,52
KIF5C,52
LYPD6B,52
LYPD6,52
MMADHC,52
LINC01931,52
LINC01818,52
LINC01817,52
RND3,52
LINC01920,52
AC104777.3,52
AC104777.2,52
AC104777.1,52
AC023469.1,53
AC018731.1,53
RBM43,53
NMI,53
TNFAIP6,53
RIF1,53
NEB,53
ARL5A,53
AC068547.1,53
CACNB4,53
STAM2,53
FMNL2,53
PRPF40A,53
ARL6IP6,53
AC079150.1,53
LINC01850,53
RPRM,53
GALNT13,53
AC009227.2,53
KCNJ3,53
AC092625.1,53
LINC01876,53
AC074099.1,53
NR4A2,53
GPD2,53
LINC01958,53
GALNT5,53
ERMN,53
CYTIP,53
ACVR1C,53
AC019186.1,53
ACVR1,53
UPP2,53
AC013731.1,53
AC091488.1,53
CCDC148,53
PKP4,53
AC005042.2,53
DAPL1,53
TANC1,53
WDSUB1,53
BAZ2B,53
AC009961.1,53
MARCH7,53
CD302,53
LY75-CD302,53
LY75,54
PLA2R1,54
ITGB6,54
RBMS1,54
TANK,54
LINC01806,54
PSMD14,54
TBR1,54
SLC4A10,54
DPP4,54
AC008063.2,54
GCG,54
FAP,54
IFIH1,54
GCA,54
KCNH7,54
FIGN,54
AC016766.1,54
GRB14,54
COBLL1,54
SLC38A11,54
SCN3A,54
SCN2A,54
CSRNP3,54
GALNT3,54
AC009495.3,54
AC009495.1,54
AC009495.2,54
TTC21B,54
SCN1A,54
SCN9A,54
SCN7A,54
XIRP2,54
AC073050.1,54
B3GALT1,54
STK39,54
CERS6,54
NOSTRIN,54
SPC25,54
G6PC2,54
ABCB11,54
DHRS9,54
LRP2,54
BBS5,54
AC093899.2,54
KLHL41,55
FASTKD1,55
PPIG,55
CCDC173,55
PHOSPHO2,55
KLHL23,55
SSB,55
METTL5,55
UBR3,55
MYO3B,55
LINC01124,55
SP5,55
AC007405.1,55
AC007405.3,55
ERICH2,55
GAD1,55
GORASP2,55
TLK1,55
METTL8,55
DCAF17,55
CYBRD1,55
DYNC1I2,55
SLC25A12,55
HAT1,55
METAP1D,55
DLX1,55
DLX2,55
DLX2-AS1,55
AC104088.1,55
ITGA6,55
PDK1,55
RAPGEF4,55
MAP3K20,55
CDCA7,55
AC106900.2,55
AC106900.1,55
SP3,55
AC016737.1,55
AC016737.2,55
LINC01960,55
OLA1,55
LINC01305,55
SP9,55
CIR1,55
SCRN3,56
GPR155,56
AC010894.2,56
WIPF1,56
CHRNA1,56
CHN1,56
ATF2,56
ATP5G3,56
AC093459.1,56
AC016751.1,56
LNPK,56
EVX2,56
HOXD13,56
HOXD12,56
HOXD11,56
HOXD10,56
HOXD9,56
HOXD8,56
HOXD3,56
AC009336.2,56
HOXD4,56
HAGLROS,56
HOXD1,56
MTX2,56
AC017048.1,56
AC017048.2,56
AC017048.3,56
LINC01116,56
LINC01117,56
AC092162.2,56
AC073636.1,56
AC074286.1,56
HNRNPA3,56
NFE2L2,56
AGPS,56
TTC30B,56
TTC30A,56
PDE11A,56
PDE11A-1,56
RBM45,56
OSBPL6,56
PRKRA,56
PJVK,56
FKBP7,57
PLEKHA3,57
TTN,57
AC010680.4,57
AC010680.5,57
CCDC141,57
SESTD1,57
AC093911.1,57
ZNF385B,57
CWC22,57
AC009478.1,57
SCHLAP1,57
UBE2E3,57
AC068196.1,57
LINC01934,57
AC020595.1,57
ITGA4,57
CERKL,57
NEUROD1,57
AC013733.1,57
SSFA2,57
PPP1R1C,57
PDE1A,57
DNAJC10,57
FRZB,57
NCKAP1,57
DUSP19,57
NUP35,57
AC021851.1,57
AC093639.1,57
ZNF804A,57
FSIP2,57
LINC01473,57
AC017071.1,57
ZC3H15,57
ITGAV,57
FAM171B,57
ZSWIM2,57
CALCRL,57
TFPI,57
LINC01090,57
GULP1,57
DIRC1,58
COL3A1,58
COL5A2,58
WDR75,58
SLC40A1,58
ASNSD1,58
ANKAR,58
OSGEPL1,58
ORMDL1,58
PMS1,58
C2orf88,58
MSTN,58
HIBCH,58
INPP1,58
MFSD6,58
NEMP2,58
NAB1,58
GLS,58
STAT1,58
STAT4,58
AC092614.1,58
MYO1B,58
NABP1,58
CAVIN2,58
TMEFF2,58
AC062039.1,58
AC013401.1,58
PCGEM1,58
AC068135.2,58
LINC01821,58
LINC01790,58
AC010983.1,58
AC104823.1,58
AC064834.1,58
LINC01825,58
LINC01827,58
SLC39A10,58
DNAH7,58
STK17B,58
HECW2,58
CCDC150,58
GTF3C3,59
C2orf66,59
PGAP1,59
ANKRD44,59
SF3B1,59
COQ10B,59
HSPD1,59
HSPE1,59
HSPE1-MOB4,59
MOB4,59
RFTN2,59
MARS2,59
BOLL,59
PLCL1,59
AC020719.1,59
LINC01923,59
AC019330.1,59
AC020718.1,59
SATB2,59
LINC01877,59
FTCDNL1,59
C2orf69,59
TYW5,59
MAIP1,59
SPATS2L,59
KCTD18,59
SGO2,59
AOX1,59
LINC01792,59
BZW1,59
CLK1,59
PPIL3,59
NIF3L1,59
ORC2,59
FAM126B,59
NDUFB3,59
AC007272.1,59
CFLAR,59
CASP10,59
CASP8,59
ALS2CR12,60
TRAK2,60
STRADB,60
C2CD6,60
TMEM237,60
MPP4,60
ALS2,60
CDK15,60
AC069148.1,60
FZD7,60
KIAA2012,60
SUMO1,60
NOP58,60
AC064836.2,60
AC064836.3,60
BMPR2,60
FAM117B,60
ICA1L,60
WDR12,60
CARF,60
NBEAL1,60
CYP20A1,60
ABI2,60
RAPH1,60
CD28,60
CTLA4,60
ICOS,60
AC009965.1,60
AC009498.1,60
AC016903.1,60
AC016903.2,60
PARD3B,60
NRP2,60
INO80D,60
AC007383.2,60
NDUFS1,60
EEF1B2,60
GPR1,60
ZDBF2,60
ADAM23,61
FAM237A,61
DYTN,61
MDH1B,61
FASTKD2,61
AC008269.2,61
AC008269.1,61
CPO,61
KLF7,61
AC007879.1,61
AC007879.3,61
AC007879.2,61
AC007879.4,61
MYOSLID,61
LINC01802,61
CREB1,61
METTL21A,61
LINC01857,61
CCNYL1,61
FZD5,61
PLEKHM3,61
CRYGD,61
CRYGC,61
CRYGB,61
CRYGA,61
C2orf80,61
IDH1,61
PIKFYVE,61
PTH2R,61
MAP2,61
UNC80,61
RPE,61
KANSL1L,61
ACADL,61
MYL1,61
LANCL1,61
CPS1,61
ERBB4,61
LINC01878,62
AC108066.1,62
IKZF2,62
AC079610.2,62
LINC01953,62
AC079610.3,62
AC079610.1,62
SPAG16,62
VWC2L,62
BARD1,62
ABCA12,62
AC073284.1,62
ATIC,62
FN1,62
AC012462.1,62
AC012462.2,62
AC012668.2,62
AC012668.3,62
AC012668.1,62
LINC00607,62
LINC01614,62
AC122136.1,62
AC093382.1,62
MREG,62
PECR,62
TMEM169,62
XRCC5,62
LINC01963,62
MARCH4,62
SMARCAL1,62
RPL37A,62
AC073321.1,62
IGFBP2,62
IGFBP5,62
AC007563.1,62
TNP1,62
AC007557.1,62
AC007557.3,63
LINC01921,63
AC007749.1,63
DIRC3-AS1,63
DIRC3,63
TNS1,63
RUFY4,63
CXCR2,63
CXCR1,63
ARPC2,63
GPBAR1,63
AAMP,63
PNKD,63
TMBIM1,63
CATIP,63
SLC11A1,63
CTDSP1,63
VIL1,63
USP37,63
CNOT9,63
PLCD4,63
ZNF142,63
BCS1L,63
RNF25,63
STK36,63
TTLL4,63
CYP27A1,63
AC009974.1,63
PRKAG3,63
WNT6,63
WNT10A,63
CDK5R2,63
FEV,63
CRYBA2,63
CFAP65,63
IHH,63
AC097468.3,64
NHEJ1,64
AC068946.1,64
SLC23A3,64
CNPPD1,64
RETREG2,64
ZFAND2B,64
ABCB6,64
ATG9A,64
ANKZF1,64
GLB1L,64
STK16,64
TUBA4A,64
TUBA4B,64
DNAJB2,64
PTPRN,64
RESP18,64
DNPEP,64
DES,64
SPEG,64
GMPPA,64
ASIC4,64
CHPF,64
TMEM198,64
OBSL1,64
INHA,64
STK11IP,64
SLC4A3,64
AC009955.2,64
AC009502.1,64
LINC01803,64
AC019211.1,64
AC093083.1,64
AC067956.1,64
AC093843.1,64
EPHA4,65
AC068489.1,65
PAX3,65
CCDC140,65
AC010980.2,65
SGPP2,65
FARSB,65
MOGAT1,65
ACSL3,65
KCNE4,65
AC013448.1,65
AC013448.2,65
SCG2,65
AP1S3,65
WDFY1,65
MRPL44,65
SERPINE2,65
FAM124B,65
CUL3,65
CCDC195,65
DOCK10,65
NYAP2,65
AC016717.2,65
AC062015.1,65
IRS1,65
AC010735.2,65
RHBDD1,65
COL4A4,65
COL4A3,65
MFF,65
TM4SF20,65
AC097662.2,65
AGFG1,65
AC064853.4,65
AC064853.2,66
C2orf83,66
AC064853.6,66
AC064853.3,66
AC064853.5,66
SLC19A3,66
AC093762.3,66
AC093762.2,66
AC093762.1,66
CCL20,66
DAW1,66
SPHKAP,66
LINC01807,66
AC012070.1,66
PID1,66
DNER,66
TRIP12,66
FBXO36,66
SLC16A14,66
SP110,66
SP140,66
SP140L,66
SP100,66
LINC01907,66
CAB39,66
ITM2C,66
GPR55,66
SPATA3-AS1,66
SPATA3,66
C2orf72,66
PSMD1,66
HTR2B,66
ARMC9,66
B3GNT7,67
AC017104.3,67
NCL,67
LINC00471,67
NMUR1,67
TEX44,67
PTMA,67
PDE6D,67
COPS7B,67
NPPC,67
DIS3L2,67
ALPP,67
ALPPL2,67
AC068134.2,67
ALPI,67
ECEL1,67
PRSS56,67
CHRND,67
CHRNG,67
TIGD1,67
EIF4E2,67
EFHD1,67
GIGYF2,67
KCNJ13,67
C2orf82,67
NGEF,67
NEU2,67
INPP5D,67
ATG16L1,67
SAG,67
DGKD,67
USP40,67
UGT1A8,68
UGT1A10,68
UGT1A9,68
UGT1A7,68
UGT1A6,68
UGT1A5,68
UGT1A4,68
UGT1A3,68
UGT1A1,68
MROH2A,68
HJURP,68
TRPM8,68
SPP2,68
AC006037.1,68
AC122134.1,68
AC097713.1,68
LINC01891,68
ARL4C,68
LINC01173,68
SH3BP4,68
AC114814.1,68
AC114814.3,68
AGAP1,68
GBX2,68
ASB18,68
IQCA1,68
ACKR3,68
AC084030.1,68
COPS8,68
AC107079.1,68
AC112715.1,68
COL6A3,69
AC112721.1,69
AC112721.2,69
MLPH,69
PRLH,69
RAB17,69
AC104667.1,69
LRRFIP1,69
RBM44,69
RAMP1,69
UBE2F,69
UBE2F-SCLY,69
SCLY,69
ESPNL,69
KLHL30,69
ERFE,69
ILKAP,69
HES6,69
PER2,69
AC012485.2,69
TRAF3IP1,69
ASB1,69
LINC01107,69
LINC01937,69
AC145625.1,69
TWIST2,69
LINC01940,69
HDAC4,69
AC079612.1,69
AC079612.2,69
AC093802.2,70
AC093802.1,70
NDUFA10,70
OR6B2,70
PRR21,70
OR6B3,70
COPS9,70
OTOS,70
AC124861.1,70
GPC1,70
ANKMY1,70
DUSP28,70
RNPEPL1,70
CAPN10,70
GPR35,70
AQP12B,70
AC011298.1,70
AQP12A,70
KIF1A,70
AGXT,70
C2orf54,70
CROCC2,70
SNED1,70
MTERF4,70
PASK,70
PPP1R7,70
ANO7,70
HDLBP,70
SEPT2,70
FARP2,71
STK25,71
BOK,71
AC133528.1,71
THAP4,71
ATG4B,71
DTYMK,71
ING5,71
D2HGDH,71
GAL3ST2,71
NEU4,71
AC131097.4,71
PDCD1,71
RTP5,71
AC131097.2,71
LINC01238,71
AC093642.1,71
LINC01880,71
LINC01986,71
AC066595.1,71
CHL1,71
LINC01266,71
AC090044.1,71
AC087430.1,71
CNTN6,71
AC018814.1,71
CNTN4,71
CNTN4-AS2,71
IL5RA,72
TRNT1,72
CRBN,72
AC034195.1,72
SUMF1,72
LRRN1,72
SETMAR,72
ITPR1,72
EGOT,72
BHLHE40,72
ARL8B,72
EDEM1,72
AC026202.1,72
AC087857.1,72
AC026167.1,72
AC069277.1,72
GRM7-AS3,72
GRM7,72
AC018832.1,72
AC023481.1,72
LMCD1,72
AC034187.1,72
SSUH2,72
CAV3,72
OXTR,72
RAD18,72
SRGAP3,72
SRGAP3-AS4,73
THUMPD3,73
SETD5,73
LHFPL4,73
MTMR14,73
CPNE9,73
BRPF1,73
OGG1,73
CAMK1,73
TADA3,73
ARPC4,73
ARPC4-TTLL3,73
TTLL3,73
RPUSD3,73
CIDEC,73
JAGN1,73
IL17RE,73
IL17RC,73
CRELD1,73
PRRT3,73
EMC3,73
AC022007.1,73
FANCD2,73
FANCD2OS,73
BRK1,73
VHL,73
IRAK2,74
TATDN2,74
AC022384.1,74
GHRL,74
SEC13,74
ATP2B2,74
LINC00606,74
AC018495.1,74
SLC6A11,74
SLC6A1,74
HRH1,74
ATG7,74
VGLL4,74
TAMM41,74
SYN2,74
TIMP4,74
PPARG,74
TSEN2,74
MKRN2OS,74
MKRN2,74
RAF1,74
TMEM40,74
CAND2,74
RPL32,74
LINC02022,74
IQSEC1,75
NUP210,75
HDAC11,75
FBLN2,75
WNT7A,75
CHCHD4,75
TMEM43,75
AC090004.1,75
XPC,75
LSM3,75
AC093496.1,75
LINC01267,75
SLC6A6,75
GRIP2,75
AC090952.2,75
CCDC174,75
C3orf20,75
LINC02011,75
FGD5,75
NR2C2,75
MRPS25,75
RBSN,75
CAPN7,75
SH3BP5,75
METTL6,76
EAF1,76
COLQ,76
HACL1,76
BTD,76
ANKRD28,76
GALNT15,76
DPH3,76
OXNAD1,76
RFTN1,76
AC010139.1,76
LINC00690,76
DAZL,76
AC091493.1,76
PLCL2,76
TBC1D5,76
AC132807.1,76
AC132807.2,76
SATB1,76
KCNH8,76
EFHB,76
RAB5A,76
PP2D1,76
KAT2B,77
SGO1,77
AC116096.1,77
AC099753.1,77
ZNF385D,77
ZNF385D-AS2,77
UBE2E2,77
UBE2E1,77
NKIRAS1,77
RPL15,77
NR1D2,77
LINC00691,77
THRB,77
AC012087.1,77
AC092422.1,77
RARB,77
TOP2B,77
NGLY1,77
OXSM,77
AC099754.1,77
LRRC3B,77
AC114877.1,77
NEK10,78
SLC4A7,78
AC098614.4,78
LINC02084,78
EOMES,78
LINC01980,78
LINC01981,78
LINC01967,78
CMC1,78
AZI2,78
ZCWPW2,78
AC098650.1,78
RBMS3,78
LINC01985,78
AC116035.1,78
TGFBR2,78
GADL1,78
STT3B,78
OSBPL10,78
ZNF860,78
GPD1L,78
CMTM8,79
CMTM7,79
CMTM6,79
DYNC1LI1,79
CNOT10,79
TRIM71,79
CCR4,79
GLB1,79
TMPPE,79
CRTAP,79
SUSD5,79
FBXL2,79
UBP1,79
CLASP2,79
AC112220.3,79
AC112220.4,79
AC112220.2,79
PDCD6IP,79
LINC01811,79
AC123023.1,79
AC018359.1,80
ARPP21,80
STAC,80
DCLK3,80
LINC02033,80
TRANK1,80
AC011816.2,80
EPM2AIP1,80
MLH1,80
LRRFIP2,80
AC097359.3,80
GOLGA4,80
C3orf35,80
ITGA9,80
CTDSPL,80
VILL,80
PLCD1,80
DLEC1,80
ACAA1,80
MYD88,81
OXSR1,81
SLC22A13,81
SLC22A14,81
XYLB,81
ACVR2B,81
EXOG,81
SCN5A,81
SCN10A,81
SCN11A,81
WDR48,81
GORASP1,81
TTC21A,81
CSRNP1,81
XIRP1,81
CX3CR1,81
CCR8,81
SLC25A38,81
RPSA,82
MOBP,82
MYRIP,82
EIF1B,82
ENTPD3,82
RPL14,82
ZNF619,82
ZNF620,82
ZNF621,82
AC122683.1,82
AC099560.1,82
AC099541.1,82
AC009743.1,82
CTNNB1,82
ULK4,82
TRAK1,82
CCK,82
LYZL4,83
VIPR1,83
SEC22C,83
SS18L2,83
NKTR,83
ZBTB47,83
KLHL40,83
HHATL,83
CCDC13,83
AC099329.3,83
HIGD1A,83
ACKR2,83
AC092042.3,83
KRBOX1,83
CYP8B1,83
ZNF662,83
FAM198A,84
POMGNT2,84
AC092042.1,84
SNRK,84
ANO10,84
ABHD5,84
AC006055.1,84
AC006058.2,84
AC006058.3,84
AC006058.1,84
TOPAZ1,84
TCAIM,84
LINC00694,84
LINC01988,84
ZNF445,84
ZNF852,85
ZKSCAN7,85
ZNF660,85
ZNF197,85
ZNF35,85
AC124045.1,85
ZNF502,85
ZNF501,85
KIAA1143,85
KIF15,85
TMEM42,85
TGM4,85
ZDHHC3,85
EXOSC7,85
CLEC3B,86
CDCP1,86
TMEM158,86
LARS2,86
LIMD1,86
SACM1L,86
SLC6A20,86
LZTFL1,86
CCR9,86
FYCO1,86
CXCR6,86
XCR1,86
CCR3,86
CCR1,87
CCR2,87
CCR5,87
CCRL2,87
LINC02009,87
LTF,87
RTP3,87
LRRC2,87
TDGF1,87
AC104304.1,87
FAM240A,87
ALS2CL,87
TMIE,88
PRSS50,88
PRSS50-1,88
PRSS46,88
PRSS45,88
AC109583.3,88
PRSS42,88
MYL3,88
PTH1R,88
CCDC12,88
NBEAL2,88
SETD2,89
KIF9,89
KLHL18,89
PTPN23,89
SCAP,89
ELP6,89
CSPG5,89
SMARCC1,89
DHX30,89
MAP4,89
CDC25A,90
CAMP,90
ZNF589,90
NME6,90
SPINK8,90
FBXW12,90
PLXNB1,90
CCDC51,90
TMA7,90
ATRIP,91
AC134772.2,91
TREX1,91
SHISA5,91
PFKFB4,91
UCN2,91
COL7A1,91
UQCRC1,91
TMEM89,92
SLC26A6,92
CELSR3,92
AC141002.1,92
NCKIPSD,92
IP6K2,92
PRKAR2A,92
SLC25A20,93
ARIH2OS,93
ARIH2,93
AC137630.4,93
P4HTM,93
WDR6,93
DALRD3,94
NDUFAF3,94
IMPDH2,94
QRICH1,94
QARS,94
USP19,95
LAMB2,95
CCDC71,95
KLHDC8B,95
C3orf84,96
CCDC36,96
AC121247.1,96
C3orf62,97
USP4,97
GPX1,98
