gene,orco_rv
MIR1302-2HG,1
FAM138A,2
OR4F5,3
AL627309.1,4
AL627309.3,5
AL627309.4,6
AL732372.1,7
OR4F29,8
AC114498.1,9
OR4F16,10
AL669831.5,11
FAM87B,12
LINC00115,13
FAM41C,14
AL645608.7,15
AL645608.3,16
AL645608.5,17
AL645608.1,18
SAMD11,19
NOC2L,20
KLHL17,21
PLEKHN1,22
PERM1,23
AL645608.8,24
HES4,25
ISG15,26
AGRN,27
AL645608.9,28
RNF223,29
C1orf159,30
LINC01342,31
AL390719.2,32
TTLL10,33
TNFRSF18,34
TNFRSF4,35
SDF4,36
B3GALT6,37
C1QTNF12,38
AL162741.1,39
UBE2J2,40
LINC01786,41
SCNN1D,42
ACAP3,43
PUSL1,44
INTS11,45
CPTP,46
TAS1R3,47
DVL1,48
MXRA8,49
AURKAIP1,50
CCNL2,51
MRPL20,52
AL391244.3,53
ANKRD65,54
TMEM88B,55
LINC01770,56
VWA1,57
ATAD3C,58
ATAD3B,59
ATAD3A,60
TMEM240,61
SSU72,62
AL645728.1,63
FNDC10,64
MIB2,65
MMP23B,66
CDK11B,67
SLC35E2B,68
CDK11A,69
SLC35E2,70
NADK,71
GNB1,72
CALML6,73
TMEM52,74
CFAP74,75
GABRD,76
PRKCZ,77
FAAP20,78
AL590822.1,79
SKI,80
MORN1,81
RER1,82
PEX10,83
PLCH2,84
PANK4,85
HES5,86
AL139246.5,87
TNFRSF14,88
AL139246.3,89
FAM213B,90
MMEL1,91
TTC34,92
AL592464.2,93
AL592464.1,94
AL589702.1,95
ACTRT2,96
PRDM16,97
AL590438.1,98
ARHGEF16,99
AL512413.1,2
MEGF6,3
TPRG1L,4
WRAP73,5
TP73,6
CCDC27,7
SMIM1,8
LRRC47,9
CEP104,10
DFFB,11
C1orf174,12
LINC01134,13
LINC01346,14
LINC01345,15
AL805961.1,16
AL805961.2,17
LINC01777,18
AL355602.1,19
Z98747.1,20
LINC01646,21
AJAP1,22
BX005132.2,23
BX005132.1,24
AL691497.1,25
AL139823.1,26
Z98259.3,27
Z98259.2,28
Z98259.1,29
AL365255.1,30
NPHP4,31
KCNAB2,32
CHD5,33
RPL22,34
RNF207,35
ICMT,36
LINC00337,37
HES3,38
GPR153,39
ACOT7,40
HES2,41
ESPN,42
TNFRSF25,43
PLEKHG5,44
NOL9,45
TAS1R1,46
ZBTB48,47
KLHL21,48
PHF13,49
THAP3,50
DNAJC11,51
LINC01672,52
AL591163.1,53
CAMTA1,54
AL359881.3,55
AL359881.2,56
AL359881.1,57
VAMP3,58
PER3,59
UTS2,60
TNFRSF9,61
PARK7,62
AL034417.3,63
ERRFI1,64
AL034417.2,65
LINC01714,66
AL358876.2,67
SLC45A1,68
RERE,69
AL357552.2,70
ENO1,71
CA6,72
SLC2A7,73
SLC2A5,74
GPR157,75
MIR34AHG,76
LINC01759,77
Z98044.1,78
H6PD,79
SPSB1,80
BX323043.1,81
AL928921.2,82
AL928921.1,83
SLC25A33,84
TMEM201,85
PIK3CD,86
CLSTN1,87
CTNNBIP1,88
LZIC,89
NMNAT1,90
RBP7,91
UBE4B,92
KIF1B,93
AL139424.3,94
AL139424.2,95
PGD,96
CENPS-CORT,97
CENPS,98
CORT,99
DFFA,3
PEX14,4
CASZ1,5
C1orf127,6
TARDBP,7
AL109811.4,8
MASP2,9
SRM,10
EXOSC10,11
MTOR,12
ANGPTL7,13
UBIAD1,14
AL031291.1,15
DISP3,16
LINC01647,17
FBXO2,18
FBXO44,19
FBXO6,20
MAD2L2,21
DRAXIN,22
AGTRAP,23
C1orf167,24
MTHFR,25
CLCN6,26
NPPA,27
NPPB,28
KIAA2013,29
PLOD1,30
MFN2,31
MIIP,32
TNFRSF8,33
TNFRSF1B,34
VPS13D,35
AC243836.1,36
DHRS3,37
AC254633.1,38
AADACL4,39
AADACL3,40
C1orf158,41
PRAMEF12,42
PRAMEF1,43
LINC01784,44
PRAMEF11,45
HNRNPCL1,46
PRAMEF2,47
PRAMEF4,48
PRAMEF10,49
PRAMEF7,50
PRAMEF6,51
PRAMEF27,52
HNRNPCL3,53
PRAMEF25,54
HNRNPCL2,55
AC245056.1,56
PRAMEF26,57
HNRNPCL4,58
PRAMEF9,59
PRAMEF13,60
PRAMEF18,61
PRAMEF5,62
PRAMEF8,63
PRAMEF33,64
PRAMEF15,65
AC243961.1,66
PRAMEF14,67
PRAMEF19,68
PRAMEF17,69
PRAMEF20,70
LRRC38,71
PDPN,72
AL359771.1,73
PRDM2,74
KAZN,75
AL357873.1,76
KAZN-AS1,77
TMEM51,78
C1orf195,79
FHAD1,80
AL031283.1,81
EFHD2,82
CTRC,83
CELA2A,84
CELA2B,85
CASP9,86
DNAJC16,87
AGMAT,88
DDI2,89
RSC1A1,90
AL121992.2,91
PLEKHM2,92
SLC25A34,93
TMEM82,94
FBLIM1,95
UQCRHL,96
SPEN,97
ZBTB17,98
SRARP,99
HSPB7,4
CLCNKA,5
CLCNKB,6
FAM131C,7
EPHA2,8
ARHGEF19,9
RSG1,10
FBXO42,11
SZRD1,12
SPATA21,13
NECAP2,14
LINC01772,15
AL137802.2,16
AL137802.1,17
LINC01783,18
FAM231B,19
NBPF1,20
AL137798.1,21
AL137798.2,22
FAM231A,23
AL021920.1,24
FAM231C,25
AL021920.3,26
CROCC,27
BX284668.1,28
BX284668.2,29
BX284668.5,30
BX284668.6,31
MFAP2,32
ATP13A2,33
SDHB,34
PADI2,35
AL590644.1,36
AL590644.3,37
PADI1,38
PADI3,39
PADI4,40
PADI6,41
RCC2,42
ARHGEF10L,43
AL136529.1,44
ACTL8,45
AL357509.1,46
LINC01654,47
IGSF21,48
AL591896.1,49
KLHDC7A,50
PAX7,51
TAS1R2,52
AL080251.1,53
ALDH4A1,54
IFFO2,55
UBR4,56
EMC1,57
MRTO4,58
AKR7A3,59
AKR7A2,60
PQLC2,61
CAPZB,62
MINOS1,63
MINOS1-NBL1,64
NBL1,65
HTR6,66
TMCO4,67
RNF186,68
OTUD3,69
PLA2G2E,70
PLA2G2A,71
PLA2G5,72
PLA2G2D,73
PLA2G2F,74
Z98257.1,75
PLA2G2C,76
UBXN10,77
LINC01757,78
Z98257.2,79
VWA5B1,80
LINC01141,81
AL139254.1,82
AL139254.2,83
AL139254.3,84
CAMK2N1,85
MUL1,86
FAM43B,87
CDA,88
PINK1,89
DDOST,90
KIF17,91
SH2D5,92
HP1BP3,93
EIF4G3,94
ECE1,95
AL592309.2,96
NBPF3,97
ALPL,98
RAP1GAP,99
USP48,5
LDLRAD2,6
HSPG2,7
CELA3B,8
CELA3A,9
LINC01635,10
CDC42,11
AL031281.2,12
WNT4,13
ZBTB40,14
EPHA8,15
C1QA,16
C1QC,17
C1QB,18
EPHB2,19
LACTBL1,20
TEX46,21
KDM1A,22
LUZP1,23
HTR1D,24
LINC01355,25
AL109936.8,26
HNRNPR,27
ZNF436,28
AL109936.2,29
TCEA3,30
ASAP3,31
E2F2,32
AL021154.1,33
ID3,34
MDS2,35
RPL11,36
ELOA,37
PITHD1,38
LYPLA2,39
GALE,40
HMGCL,41
FUCA1,42
CNR2,43
PNRC2,44
SRSF10,45
MYOM3,46
IL22RA1,47
IFNLR1,48
AL590683.1,49
GRHL3,50
STPG1,51
NIPAL3,52
RCAN3,53
AL445686.2,54
NCMAP,55
SRRM1,56
AL445648.1,57
CLIC4,58
RUNX3,59
AL445471.2,60
AL050344.1,61
SYF2,62
AL031432.5,63
RSRP1,64
AL031432.3,65
RHD,66
TMEM50A,67
RHCE,68
TMEM57,69
LDLRAP1,70
AL606491.1,71
MAN1C1,72
SELENON,73
AL020996.2,74
MTFR1L,75
AUNIP,76
PAQR7,77
STMN1,78
PAFAH2,79
EXTL1,80
SLC30A2,81
TRIM63,82
PDIK1L,83
FAM110D,84
C1orf232,85
AL391650.1,86
ZNF593,87
CNKSR1,88
CATSPER4,89
CEP85,90
SH3BGRL3,91
UBXN11,92
CD52,93
CRYBG2,94
ZNF683,95
LIN28A,96
DHDDS,97
HMGN2,98
RPS6KA1,99
ARID1A,6
PIGV,7
ZDHHC18,8
SFN,9
GPN2,10
GPATCH3,11
NUDC,12
NR0B2,13
KDF1,14
TRNP1,15
FAM46B,16
SLC9A1,17
WDTC1,18
TMEM222,19
SYTL1,20
MAP3K6,21
FCN3,22
CD164L2,23
GPR3,24
WASF2,25
FO393419.2,26
AHDC1,27
FGR,28
LINC02574,29
IFI6,30
FAM76A,31
STX12,32
PPP1R8,33
THEMIS2,34
RPA2,35
SMPDL3B,36
XKR8,37
EYA3,38
PTAFR,39
DNAJC8,40
ATPIF1,41
AL353622.2,42
SESN2,43
MED18,44
PHACTR4,45
RCC1,46
TRNAU1AP,47
TAF12,48
RAB42,49
LINC01715,50
AL360012.1,51
GMEB1,52
YTHDF2,53
OPRD1,54
EPB41,55
TMEM200B,56
AL357500.1,57
SRSF4,58
MECR,59
PTPRU,60
LINC01756,61
AC092265.1,62
AL645944.2,63
LINC01648,64
AL137076.1,65
AL161638.2,66
AL161638.1,67
MATN1,68
LAPTM5,69
AL137027.1,70
LINC01778,71
SDC3,72
PUM1,73
NKAIN1,74
SNRNP40,75
ZCCHC17,76
FABP3,77
SERINC2,78
TINAGL1,79
HCRTR1,80
PEF1,81
COL16A1,82
ADGRB2,83
SPOCD1,84
AL354919.1,85
AL136115.2,86
PTP4A2,87
AL136115.1,88
AL136115.3,89
KHDRBS1,90
TMEM39B,91
KPNA6,92
TXLNA,93
CCDC28B,94
IQCC,95
DCDC2B,96
TMEM234,97
EIF3I,98
FAM167B,99
LCK,7
HDAC1,8
MARCKSL1,9
AL109945.1,10
TSSK3,11
FAM229A,12
BSDC1,13
AL033529.1,14
ZBTB8B,15
ZBTB8A,16
ZBTB8OS,17
RBBP4,18
SYNC,19
KIAA1522,20
YARS,21
S100PBP,22
FNDC5,23
HPCA,24
TMEM54,25
RNF19B,26
AK2,27
AZIN2,28
TRIM62,29
AL662907.3,30
ZNF362,31
AL513327.3,32
A3GALT2,33
PHC2,34
ZSCAN20,35
CSMD2,36
HMGB4,37
C1orf94,38
SMIM12,39
GJB5,40
GJB4,41
GJB3,42
GJA4,43
DLGAP3,44
AC114490.2,45
TMEM35B,46
ZMYM6,47
ZMYM1,48
AL590434.1,49
SFPQ,50
ZMYM4,51
KIAA0319L,52
NCDN,53
TFAP2E,54
PSMB2,55
C1orf216,56
CLSPN,57
AGO4,58
AGO1,59
AL139286.2,60
AGO3,61
TEKT2,62
ADPRHL2,63
COL8A2,64
TRAPPC3,65
MAP7D1,66
THRAP3,67
SH3D21,68
EVA1B,69
STK40,70
LSM10,71
OSCP1,72
MRPS15,73
CSF3R,74
AL596257.1,75
AC117945.2,76
GRIK3,77
AL031430.1,78
AL353604.1,79
ZC3H12A,80
MEAF6,81
SNIP1,82
DNALI1,83
GNL2,84
RSPO1,85
C1orf109,86
CDCA8,87
EPHA10,88
MANEAL,89
YRDC,90
C1orf122,91
MTF1,92
INPP5B,93
SF3A3,94
FHL3,95
UTP11,96
POU3F1,97
AL139158.2,98
AL139158.3,99
LINC01343,8
LINC01685,9
AL354702.2,10
RRAGC,11
MYCBP,12
AL139260.3,13
GJA9,14
RHBDL2,15
AKIRIN1,16
NDUFS5,17
MACF1,18
BMP8A,19
PABPC4,20
HEYL,21
NT5C1A,22
HPCAL4,23
PPIE,24
BMP8B,25
OXCT2,26
AL033527.5,27
AL033527.4,28
TRIT1,29
MYCL,30
MFSD2A,31
CAP1,32
PPT1,33
RLF,34
TMCO2,35
ZMPSTE24,36
COL9A2,37
SMAP2,38
AL031985.4,39
ZFP69B,40
ZFP69,41
EXO5,42
ZNF684,43
RIMS3,44
AL031289.1,45
NFYC,46
KCNQ4,47
CITED4,48
CTPS1,49
SLFNL1,50
SCMH1,51
AC093151.3,52
FOXO6,53
EDN2,54
HIVEP3,55
GUCA2B,56
GUCA2A,57
FOXJ3,58
RIMKLA,59
ZMYND12,60
PPCS,61
CCDC30,62
PPIH,63
AC098484.2,64
YBX1,65
CLDN19,66
P3H1,67
C1orf50,68
AC098484.3,69
TMEM269,70
SVBP,71
ERMAP,72
ZNF691,73
SLC2A1,74
SLC2A1-AS1,75
AC099795.1,76
FAM183A,77
EBNA1BP2,78
CFAP57,79
TMEM125,80
C1orf210,81
TIE1,82
MPL,83
CDC20,84
ELOVL1,85
MED8,86
SZT2,87
HYI,88
PTPRF,89
KDM4A,90
ST3GAL3,91
ARTN,92
IPO13,93
DPH2,94
ATP6V0B,95
B4GALT2,96
CCDC24,97
SLC6A9,98
AL139220.2,99
KLF17,9
KLF18,10
DMAP1,11
ERI3,12
RNF220,13
TMEM53,14
C1orf228,15
KIF2C,16
RPS8,17
BEST4,18
PLK3,19
TCTEX1D4,20
BTBD19,21
PTCH2,22
EIF2B3,23
HECTD3,24
UROD,25
ZSWIM5,26
LINC01144,27
HPDL,28
MUTYH,29
TOE1,30
TESK2,31
CCDC163,32
MMACHC,33
PRDX1,34
AKR1A1,35
NASP,36
CCDC17,37
GPBP1L1,38
TMEM69,39
IPP,40
MAST2,41
PIK3R3,42
AL358075.4,43
TSPAN1,44
AL672043.1,45
POMGNT1,46
LURAP1,47
RAD54L,48
LRRC41,49
UQCRH,50
NSUN4,51
FAAH,52
DMBX1,53
AL136373.1,54
KNCN,55
MKNK1,56
MOB3C,57
ATPAF1,58
TEX38,59
EFCAB14,60
CYP4B1,61
CYP4A11,62
CYP4X1,63
CYP4Z1,64
CYP4A22-AS1,65
CYP4A22,66
PDZK1IP1,67
TAL1,68
STIL,69
CMPK1,70
FOXE3,71
FOXD2,72
LINC01738,73
TRABD2B,74
AL691459.1,75
AC096541.1,76
AL356289.1,77
AL356289.2,78
AL109659.1,79
SLC5A9,80
SPATA6,81
AGBL4,82
BEND5,83
ELAVL4,84
AL596275.2,85
AL592182.3,86
DMRTA2,87
FAF1,88
CDKN2C,89
C1orf185,90
LINC01562,91
RNF11,92
TTC39A,93
EPS15,94
OSBPL9,95
NRDC,96
RAB3B,97
TXNDC12,98
KTI12,99
BTF3L4,10
ZFYVE9,11
CC2D1B,12
ORC1,13
PRPF38A,14
ZCCHC11,15
AL591167.1,16
GPX7,17
FAM159A,18
COA7,19
ZYG11B,20
ZYG11A,21
ECHDC2,22
SCP2,23
PODN,24
SLC1A7,25
CPT2,26
C1orf123,27
MAGOH,28
LRP8,29
LINC01771,30
AC119428.1,31
AC119428.2,32
DMRTB1,33
GLIS1,34
NDC1,35
YIPF1,36
DIO1,37
HSPB11,38
LRRC42,39
LDLRAD1,40
TMEM59,41
TCEANC2,42
AL357673.1,43
CDCP2,44
CYB5RL,45
MRPL37,46
SSBP3,47
AL035415.1,48
AC099796.1,49
ACOT11,50
FAM151A,51
MROH7,52
MROH7-TTC4,53
TTC4,54
PARS2,55
TTC22,56
LEXM,57
DHCR24,58
TMEM61,59
BSND,60
PCSK9,61
USP24,62
MIR4422HG,63
AL603840.1,64
LINC01753,65
LINC01755,66
AL353681.1,67
AC119674.1,68
AC119674.2,69
LINC01767,70
PLPP3,71
PRKAA2,72
FYB2,73
C8A,74
C8B,75
DAB1,76
AL390243.1,77
AL445193.2,78
OMA1,79
TACSTD2,80
MYSM1,81
AL136985.3,82
JUN,83
LINC01135,84
AL136985.2,85
AL136985.1,86
AC105277.1,87
LINC01358,88
AL592431.2,89
AL592431.1,90
AC093424.1,91
FGGY,92
HOOK1,93
CYP2J2,94
C1orf87,95
AC097066.1,96
LINC01748,97
AC099792.1,98
NFIA,99
TM2D1,11
AC099791.2,12
PATJ,13
L1TD1,14
KANK4,15
USP1,16
DOCK7,17
ANGPTL3,18
ATG4C,19
AC099794.1,20
LINC01739,21
AL162400.1,22
AL162400.2,23
AC096543.1,24
AC096543.2,25
FOXD3,26
ALG6,27
ITGB3BP,28
EFCAB7,29
PGM1,30
ROR1,31
UBE2U,32
CACHD1,33
RAVER2,34
JAK1,35
AL357078.3,36
AL357078.1,37
AK4,38
DNAJC6,39
LEPROT,40
LEPR,41
PDE4B,42
SGIP1,43
TCTEX1D1,44
INSL5,45
WDR78,46
MIER1,47
SLC35D1,48
C1orf141,49
IL23R,50
IL12RB2,51
SERBP1,52
LINC01702,53
GADD45A,54
GNG12,55
DIRAS3,56
WLS,57
RPE65,58
DEPDC1,59
LINC01707,60
AL512271.1,61
LINC01758,62
LRRC7,63
LRRC40,64
SRSF11,65
ANKRD13C,66
HHLA3,67
CTH,68
AL354872.2,69
LINC01788,70
AL513285.1,71
PTGER3,72
ZRANB2,73
NEGR1,74
AL583808.1,75
AL583808.2,76
LINC01360,77
LINC02238,78
LRRIQ3,79
FPGT,80
FPGT-TNNI3K,81
TNNI3K,82
LRRC53,83
ERICH3,84
AC135803.1,85
CRYZ,86
TYW3,87
AC133865.1,88
AC099786.3,89
LHX8,90
SLC44A5,91
ACADM,92
RABGGTB,93
MSH4,94
ASB17,95
AC092813.1,96
AC092813.2,97
ST6GALNAC3,98
AC104458.1,99
LINC02567,12
ST6GALNAC5,13
PIGK,14
AK5,15
ZZZ3,16
USP33,17
MIGA1,18
NEXN,19
FUBP1,20
DNAJB4,21
GIPC2,22
PTGFR,23
IFI44L,24
IFI44,25
ADGRL4,26
AL353651.1,27
AL353651.2,28
AC098657.2,29
AL606519.1,30
AL136234.1,31
LINC01781,32
ADGRL2,33
AC093580.1,34
LINC01362,35
LINC01361,36
LINC01712,37
LINC01725,38
AL035706.1,39
TTLL7,40
AL359504.2,41
PRKACB,42
SAMD13,43
DNASE2B,44
RPF1,45
GNG5,46
SPATA1,47
CTBS,48
LINC01555,49
SSX2IP,50
LPAR3,51
MCOLN2,52
WDR63,53
MCOLN3,54
SYDE2,55
C1orf52,56
BCL10,57
DDAH1,58
AL360219.1,59
AC092807.3,60
AC092807.2,61
CYR61,62
AC092807.1,63
ZNHIT6,64
COL24A1,65
ODF2L,66
CLCA2,67
CLCA1,68
CLCA4,69
SH3GLB1,70
SELENOF,71
HS2ST1,72
AC093155.3,73
LINC01140,74
AC099062.1,75
LMO4,76
LINC01364,77
LINC01773,78
PKN2,79
GTF2B,80
KYAT3,81
RBMXL1,82
GBP3,83
GBP1,84
GBP2,85
GBP7,86
GBP4,87
GBP5,88
GBP6,89
LRRC8B,90
LRRC8C,91
AC093423.3,92
AC099568.2,93
LRRC8D,94
AL391497.1,95
ZNF326,96
AC092783.1,97
BARHL2,98
LINC01763,99
AC091614.1,13
ZNF644,14
HFM1,15
CDC7,16
TGFBR3,17
BRDT,18
EPHX4,19
SETSIP,20
AC104836.1,21
BTBD8,22
KIAA1107,23
AC104836.2,24
C1orf146,25
GLMN,26
RPAP2,27
GFI1,28
EVI5,29
RPL5,30
FAM69A,31
MTF2,32
TMED5,33
CCDC18,34
DR1,35
FNBP1L,36
BCAR3,37
AL049796.1,38
DNTTIP2,39
GCLM,40
ABCA4,41
ARHGAP29,42
AC097059.1,43
AC097059.2,44
ABCD3,45
F3,46
AC093117.1,47
SLC44A3,48
CNN3,49
ALG14,50
TMEM56,51
TMEM56-RWDD3,52
RWDD3,53
LINC01760,54
LINC01650,55
AL445218.1,56
LINC01761,57
AL356479.1,58
AL683887.1,59
AC099566.1,60
LINC01787,61
PTBP2,62
DPYD,63
LINC01930,64
BX005019.1,65
MIR137HG,66
LINC01776,67
SNX7,68
PLPPR5,69
PLPPR4,70
LINC01708,71
PALMD,72
FRRS1,73
AGL,74
SLC35A3,75
AC118553.2,76
MFSD14A,77
SASS6,78
TRMT13,79
LRRC39,80
DBT,81
RTCA,82
AC104457.2,83
CDC14A,84
GPR88,85
LINC01349,86
VCAM1,87
EXTL2,88
SLC30A7,89
DPH5,90
S1PR1,91
LINC01307,92
LINC01709,93
OLFM3,94
AC114485.1,95
AC099567.1,96
COL11A1,97
AC095032.2,98
RNPC3,99
AMY2B,14
AMY2A,15
AMY1A,16
AMY1B,17
AMY1C,18
LINC01676,19
LINC01677,20
AL355306.2,21
LINC01661,22
PRMT6,23
NTNG1,24
VAV3,25
AL390036.1,26
SLC25A24,27
NBPF4,28
AL359258.1,29
AL390038.1,30
NBPF6,31
FAM102B,32
HENMT1,33
PRPF38B,34
FNDC7,35
STXBP3,36
AKNAD1,37
AL449266.1,38
GPSM2,39
CLCC1,40
WDR47,41
TAF13,42
TMEM167B,43
AL356488.2,44
C1orf194,45
KIAA1324,46
SARS,47
CELSR2,48
PSRC1,49
MYBPHL,50
SORT1,51
PSMA5,52
SYPL2,53
ATXN7L2,54
CYB561D1,55
AMIGO1,56
GPR61,57
GNAI3,58
GNAT2,59
AMPD2,60
GSTM4,61
GSTM2,62
GSTM1,63
GSTM5,64
GSTM3,65
EPS8L3,66
LINC01768,67
AL450468.2,68
CSF1,69
AHCYL1,70
STRIP1,71
ALX3,72
UBL4B,73
SLC6A17,74
KCNC4,75
RBM15,76
SLC16A4,77
LAMTOR5,78
PROK1,79
AL358215.2,80
CYMP-AS1,81
KCNA10,82
KCNA2,83
AL365361.1,84
KCNA3,85
CD53,86
LRIF1,87
DRAM2,88
CEPT1,89
DENND2D,90
CHI3L2,91
CHIA,92
PIFO,93
OVGP1,94
WDR77,95
ATP5F1,96
C1orf162,97
TMIGD3,98
ADORA3,99
RAP1A,15
LINC01160,16
FAM212B,17
DDX20,18
KCND3,19
LINC01750,20
AL445426.1,21
CTTNBP2NL,22
WNT2B,23
ST7L,24
CAPZA1,25
MOV10,26
RHOC,27
AL603832.3,28
PPM1J,29
FAM19A3,30
LINC01356,31
AL390729.1,32
SLC16A1,33
AL357055.3,34
LRIG2,35
MAGI3,36
PHTF1,37
RSBN1,38
PTPN22,39
BCL2L15,40
AP4B1,41
DCLRE1B,42
HIPK1,43
OLFML3,44
SYT6,45
AL121999.1,46
TRIM33,47
BCAS2,48
DENND2C,49
AMPD1,50
NRAS,51
CSDE1,52
SIKE1,53
SYCP1,54
TSHB,55
TSPAN2,56
LINC01765,57
NGF,58
VANGL1,59
CASQ2,60
NHLH2,61
LINC01649,62
SLC22A15,63
MAB21L3,64
LINC01779,65
ATP1A1,66
LINC01762,67
AL136376.1,68
AL390066.1,69
CD58,70
IGSF3,71
C1orf137,72
CD2,73
AL157904.1,74
PTGFRN,75
CD101,76
TTF2,77
TRIM45,78
VTCN1,79
LINC01525,80
AL358072.1,81
MAN1A2,82
FAM46C,83
GDAP2,84
WDR3,85
SPAG17,86
TBX15,87
AL139420.1,88
AL139420.2,89
WARS2,90
AL359915.1,91
LINC01780,92
HAO2,93
HSD3B2,94
HSD3B1,95
ZNF697,96
PHGDH,97
HMGCS2,98
REG4,99
ADAM30,16
NOTCH2,17
AC245008.1,18
SEC22B,19
NBPF26,20
PPIAL4A,21
LINC00623,22
FCGR1B,23
AC244453.1,24
FAM72B,25
SRGAP2C,26
AC244021.1,27
AC244021.2,28
AL592494.1,29
AL592494.3,30
LINC01691,31
AC239859.3,32
AC239800.2,33
AC239800.3,34
AC239798.2,35
HIST2H3PS2,36
FAM72C,37
IGKV1OR1-1,38
AC245595.1,39
PPIAL4E,40
AC246785.3,41
NBPF15,42
PPIAL4F,43
LINC01632,44
FP700111.1,45
SRGAP2B,46
FAM72D,47
PPIAL4D,48
AC245014.3,49
AC245014.1,50
NBPF20,51
GPR89A,52
PDZK1,53
CD160,54
RNF115,55
POLR3C,56
NUDT17,57
PIAS3,58
ANKRD35,59
ITGA10,60
PEX11B,61
RBM8A,62
AC243547.3,63
LIX1L,64
ANKRD34A,65
POLR3GL,66
TXNIP,67
HFE2,68
LINC01719,69
NBPF10,70
AC239799.1,71
NOTCH2NL,72
AC239799.2,73
AC243756.1,74
AC245407.1,75
NBPF12,76
AC244394.2,77
PRKAB2,78
FMO5,79
CHD1L,80
BCL9,81
ACP6,82
AC241644.1,83
GJA5,84
AC241644.2,85
GJA8,86
GPR89B,87
AC239803.2,88
AC239803.3,89
NBPF11,90
AC239809.3,91
AC239803.1,92
LINC01731,93
AC245100.6,94
AC245100.1,95
AC245100.7,96
PPIAL4G,97
NBPF14,98
NUDT4P1,99
PDE4DIP,17
AC239804.1,18
NBPF9,19
AC245297.3,20
AC245297.2,21
NBPF19,22
PPIAL4C,23
LINC00869,24
AC242842.1,25
FCGR1A,26
HIST2H2BF,27
HIST2H3D,28
HIST2H4A,29
HIST2H3C,30
HIST2H2AA3,31
AC239868.4,32
HIST2H2AA4,33
HIST2H3A,34
HIST2H4B,35
HIST2H2BE,36
HIST2H2AC,37
HIST2H2AB,38
BOLA1,39
SV2A,40
SF3B4,41
MTMR11,42
OTUD7B,43
VPS45,44
PLEKHO1,45
ANP32E,46
CA14,47
APH1A,48
C1orf54,49
CIART,50
MRPS21,51
PRPF3,52
RPRD2,53
TARS2,54
ECM1,55
FALEC,56
ADAMTSL4,57
MCL1,58
ENSA,59
GOLPH3L,60
HORMAD1,61
CTSS,62
CTSK,63
ARNT,64
CTXND2,65
SETDB1,66
CERS2,67
ANXA9,68
MINDY1,69
PRUNE1,70
BNIPL,71
C1orf56,72
CDC42SE1,73
MLLT11,74
GABPB2,75
SEMA6C,76
TNFAIP8L2,77
SCNM1,78
LYSMD1,79
TMOD4,80
VPS72,81
PIP5K1A,82
PSMD4,83
ZNF687,84
PI4KB,85
AL391069.4,86
RFX5,87
SELENBP1,88
PSMB4,89
POGZ,90
CGN,91
TUFT1,92
SNX27,93
CELF3,94
RIIAD1,95
MRPL9,96
OAZ3,97
TDRKH,98
AL589765.6,99
LINGO4,18
RORC,19
C2CD4D,20
THEM5,21
THEM4,22
S100A10,23
S100A11,24
TCHHL1,25
TCHH,26
RPTN,27
AL589986.2,28
HRNR,29
FLG,30
FLG2,31
CRNN,32
LCE5A,33
CRCT1,34
LCE3E,35
LCE3D,36
LCE3C,37
LCE3B,38
LCE3A,39
LINC00302,40
LCE2D,41
LCE2C,42
LCE2B,43
LCE2A,44
LCE4A,45
C1orf68,46
KPRP,47
LCE1F,48
LCE1E,49
LCE1D,50
LCE1C,51
LCE1B,52
LCE1A,53
LCE6A,54
SMCP,55
IVL,56
SPRR5,57
SPRR4,58
SPRR1A,59
SPRR3,60
SPRR1B,61
SPRR2D,62
SPRR2A,63
SPRR2B,64
SPRR2E,65
SPRR2F,66
SPRR2G,67
AL161636.1,68
LELP1,69
PRR9,70
LOR,71
PGLYRP3,72
PGLYRP4,73
S100A9,74
S100A12,75
S100A8,76
S100A7A,77
S100A7L2,78
S100A7,79
S100A6,80
S100A5,81
S100A4,82
S100A3,83
S100A2,84
S100A16,85
S100A14,86
S100A13,87
S100A1,88
CHTOP,89
SNAPIN,90
ILF2,91
NPR1,92
INTS3,93
AL513523.10,94
SLC27A3,95
GATAD2B,96
DENND4B,97
CRTC2,98
SLC39A1,99
CREB3L4,19
JTB,20
AL358472.2,21
RAB13,22
RPS27,23
NUP210L,24
TPM3,25
C1orf189,26
C1orf43,27
UBAP2L,28
HAX1,29
AQP10,30
ATP8B2,31
IL6R,32
SHE,33
TDRD10,34
UBE2Q1,35
CHRNB2,36
ADAR,37
KCNN3,38
PMVK,39
AL451085.1,40
PBXIP1,41
PYGO2,42
SHC1,43
CKS1B,44
FLAD1,45
LENEP,46
ZBTB7B,47
DCST2,48
DCST1,49
ADAM15,50
EFNA4,51
AL691442.1,52
EFNA3,53
EFNA1,54
SLC50A1,55
DPM3,56
KRTCAP2,57
AL713999.1,58
TRIM46,59
MUC1,60
THBS3,61
MTX1,62
GBA,63
FAM189B,64
SCAMP3,65
CLK2,66
HCN3,67
PKLR,68
FDPS,69
RUSC1,70
ASH1L,71
MSTO1,72
YY1AP1,73
DAP3,74
GON4L,75
SYT11,76
RIT1,77
KHDC4,78
RXFP4,79
ARHGEF2,80
SSR2,81
UBQLN4,82
LAMTOR2,83
RAB25,84
MEX3A,85
LMNA,86
SEMA4A,87
SLC25A44,88
PMF1-BGLAP,89
PMF1,90
BGLAP,91
PAQR6,92
SMG5,93
TMEM79,94
GLMP,95
VHLL,96
CCT3,97
TSACC,98
RHBG,99
AL139130.1,20
C1orf61,21
AL139412.1,22
MEF2D,23
AL365181.1,24
IQGAP3,25
TTC24,26
NAXE,27
GPATCH4,28
AL365181.4,29
HAPLN2,30
AL365181.2,31
BCAN,32
NES,33
AL590666.3,34
CRABP2,35
ISG20L2,36
RRNAD1,37
MRPL24,38
HDGF,39
PRCC,40
SH2D2A,41
NTRK1,42
INSRR,43
PEAR1,44
LRRC71,45
ARHGEF11,46
ETV3L,47
ETV3,48
AL138900.1,49
AL138900.3,50
AL138900.2,51
FCRL5,52
FCRL4,53
FCRL3,54
FCRL2,55
FCRL1,56
CD5L,57
KIRREL1,58
LINC01704,59
CD1D,60
AL138899.1,61
CD1A,62
CD1C,63
CD1B,64
CD1E,65
OR10T2,66
OR10K2,67
OR10K1,68
OR10R2,69
OR6Y1,70
OR6P1,71
OR10Z1,72
SPTA1,73
OR6K2,74
OR6K3,75
OR6N1,76
OR6K6,77
OR6N2,78
MNDA,79
PYHIN1,80
IFI16,81
AIM2,82
CADM3,83
ACKR1,84
FCER1A,85
OR10J3,86
OR10J1,87
AL663023.1,88
OR10J5,89
APCS,90
CRP,91
DUSP23,92
FCRL6,93
SLAMF8,94
SNHG28,95
VSIG8,96
AL590560.1,97
CFAP45,98
TAGLN2,99
IGSF9,21
SLAMF9,22
LINC01133,23
KCNJ10,24
PIGM,25
KCNJ9,26
IGSF8,27
ATP1A2,28
ATP1A4,29
CASQ1,30
PEA15,31
DCAF8,32
AL139011.2,33
PEX19,34
COPA,35
NCSTN,36
NHLH1,37
VANGL2,38
SLAMF6,39
CD84,40
SLAMF1,41
CD48,42
SLAMF7,43
LY9,44
CD244,45
ITLN1,46
AL354714.3,47
ITLN2,48
F11R,49
AL591806.3,50
TSTD1,51
USF1,52
ARHGAP30,53
NECTIN4,54
KLHDC9,55
PFDN2,56
NIT1,57
DEDD,58
UFC1,59
USP21,60
PPOX,61
B4GALT3,62
ADAMTS4,63
NDUFS2,64
FCER1G,65
APOA2,66
TOMM40L,67
NR1I3,68
PCP4L1,69
MPZ,70
SDHC,71
CFAP126,72
AL592295.4,73
AL592295.3,74
AL831711.1,75
FCGR2A,76
HSPA6,77
FCGR3A,78
FCGR3B,79
FCGR2B,80
FCRLA,81
FCRLB,82
DUSP12,83
ATF6,84
OLFML2B,85
AL590408.1,86
NOS1AP,87
AL512785.2,88
C1orf226,89
SPATA46,90
SH2D1B,91
UHMK1,92
UAP1,93
DDR2,94
HSD17B7,95
CCDC190,96
RGS4,97
RGS5,98
AL592435.1,99
NUF2,22
PBX1,23
LMX1A,24
RXRG,25
LRRC52,26
AL356441.1,27
MGST3,28
ALDH9A1,29
AL451074.6,30
TMCO1,31
UCK2,32
FAM78B,33
AL390115.1,34
AL583804.1,35
LINC01675,36
POGK,37
TADA1,38
ILDR2,39
MAEL,40
GPA33,41
DUSP27,42
AL451050.2,43
POU2F1,44
CD247,45
AL359962.2,46
CREG1,47
RCSD1,48
MPZL1,49
ADCY10,50
MPC2,51
DCAF6,52
GPR161,53
TIPRL,54
SFT2D2,55
TBX19,56
AL023755.1,57
AL022100.2,58
XCL2,59
XCL1,60
DPT,61
AL031275.1,62
LINC00626,63
ATP1B1,64
NME7,65
BLZF1,66
CCDC181,67
SLC19A2,68
AL021068.1,69
F5,70
SELP,71
C1orf112,72
SELL,73
SELE,74
AL021940.1,75
METTL18,76
SCYL3,77
KIFAP3,78
METTL11B,79
LINC01681,80
LINC01142,81
GORAB,82
AL162399.1,83
AL023495.1,84
PRRX1,85
Z97200.1,86
MROH9,87
FMO3,88
FMO2,89
FMO1,90
FMO4,91
PRRC2C,92
MYOCOS,93
MYOC,94
VAMP4,95
METTL13,96
DNM3,97
PIGC,98
C1orf105,99
SUCO,23
FASLG,24
AL031599.1,25
Z97198.1,26
TNFSF18,27
AL022310.1,28
TNFSF4,29
PRDX6,30
SLC9C2,31
ANKRD45,32
TEX50,33
KLHL20,34
CENPL,35
DARS2,36
ZBTB37,37
SERPINC1,38
RC3H1,39
AL121983.1,40
AL121983.2,41
RABGAP1L,42
GPR52,43
CACYBP,44
MRPS14,45
TNN,46
KIAA0040,47
AL008626.1,48
TNR,49
LINC01657,50
AL513329.1,51
RFWD2,52
PAPPA2,53
ASTN1,54
BRINP2,55
LINC01645,56
AL122019.1,57
LINC01741,58
SEC16B,59
RASAL2-AS1,60
RASAL2,61
CLEC20A,62
TEX35,63
C1orf220,64
AL137796.1,65
RALGPS2,66
ANGPTL1,67
FAM20B,68
TOR3A,69
ABL2,70
SOAT1,71
AXDND1,72
NPHS2,73
TDRD5,74
AL359853.3,75
FAM163A,76
AL359853.2,77
TOR1AIP2,78
AL353708.3,79
TOR1AIP1,80
AL353708.2,81
AL353708.1,82
CEP350,83
AL390718.1,84
QSOX1,85
LHX4,86
ACBD6,87
OVAAL,88
XPR1,89
AL162431.1,90
KIAA1614,91
STX6,92
MR1,93
IER5,94
LINC01732,95
AL358393.1,96
LINC01699,97
CACNA1E,98
AL161734.1,99
ZNF648,24
AL355482.1,25
AL355482.2,26
AL390856.1,27
LINC01344,28
GLUL,29
TEDDM1,30
LINC00272,31
RGSL1,32
RNASEL,33
RGS16,34
LINC01686,35
RGS8,36
LINC01688,37
NPL,38
DHX9,39
SHCBP1L,40
LAMC1,41
LAMC2,42
NMNAT2,43
SMG7,44
NCF2,45
ARPC5,46
RGL1,47
APOBEC4,48
COLGALT2,49
TSEN15,50
AL445228.1,51
AL445228.2,52
C1orf21,53
EDEM3,54
FAM129A,55
LINC01633,56
RNF2,57
TRMT1L,58
SWT1,59
IVNS1ABP,60
AL078644.1,61
LINC01350,62
AL133383.1,63
HMCN1,64
PRG4,65
TPR,66
C1orf27,67
OCLM,68
PDC,69
AL096803.3,70
PTGS2,71
PACERR,72
PLA2G4A,73
LINC01036,74
LINC01037,75
AL391813.2,76
ERVMER61-1,77
AL596211.1,78
AL929288.1,79
AL691515.1,80
AL691515.2,81
LINC01035,82
LINC01701,83
AL591504.1,84
BRINP3,85
LINC01351,86
AL391645.1,87
LINC01720,88
AL713866.1,89
LINC01680,90
AL359081.1,91
AL954650.1,92
RGS18,93
RGS21,94
AL136987.2,95
RGS1,96
RGS13,97
RGS2,98
LINC01032,99
UCHL5,25
TROVE2,26
GLRX2,27
CDC73,28
B3GALT2,29
LINC01031,30
AL357793.1,31
AL357793.2,32
AL356272.1,33
AL513348.1,34
LINC01724,35
KCNT2,36
CFH,37
CFHR3,38
BX248415.1,39
CFHR1,40
CFHR4,41
CFHR2,42
CFHR5,43
F13B,44
ASPM,45
ZBTB41,46
CRB1,47
DENND1B,48
C1orf53,49
LHX9,50
NEK7,51
ATP6V1G3,52
AL157402.1,53
PTPRC,54
MIR181A1HG,55
AC096631.1,56
LINC01222,57
LINC01221,58
AC099673.1,59
NR5A2,60
LINC00862,61
AC097065.2,62
AC104461.1,63
ZNF281,64
AL359834.1,65
KIF14,66
DDX59,67
AL445483.1,68
CAMSAP2,69
GPR25,70
INAVA,71
KIF21B,72
CACNA1S,73
ASCL5,74
TMEM9,75
IGFN1,76
PKP1,77
TNNT2,78
LAD1,79
TNNI1,80
PHLDA3,81
CSRP1,82
NAV1,83
IPO9,84
SHISA4,85
LMOD1,86
TIMM17A,87
RNPEP,88
ELF3,89
GPR37L1,90
ARL8A,91
PTPN7,92
LGR6,93
UBE2T,94
PPP1R12B,95
SYT2,96
AC104463.1,97
KDM5B,98
RABIF,99
KLHL12,26
ADIPOR1,27
CYB5R1,28
TMEM183A,29
PPFIA4,30
MYOG,31
ADORA1,32
MYBPH,33
CHI3L1,34
CHIT1,35
LINC01353,36
LINC01136,37
BTG2,38
FMOD,39
PRELP,40
OPTC,41
ATP2B4,42
LAX1,43
ZC3H11A,44
ZBED6,45
SNRPE,46
LINC00303,47
SOX13,48
ETNK2,49
REN,50
KISS1,51
GOLT1A,52
PLEKHA6,53
LINC00628,54
PPP1R15B,55
PIK3C2B,56
MDM4,57
LRRN2,58
AL512306.2,59
AL161793.1,60
NFASC,61
CNTN2,62
TMEM81,63
RBBP5,64
DSTYK,65
TMCC2,66
NUAK2,67
KLHDC8A,68
LEMD1,69
BLACAT1,70
AC098936.1,71
CDK18,72
MFSD4A,73
ELK4,74
SLC45A3,75
NUCKS1,76
RAB29,77
SLC41A1,78
PM20D1,79
SLC26A9,80
RAB7B,81
CTSE,82
C1orf186,83
AVPR1B,84
AC244035.3,85
FAM72A,86
SRGAP2,87
IKBKE,88
AC244034.2,89
RASSF5,90
EIF2D,91
DYRK3,92
MAPKAPK2,93
IL10,94
IL19,95
IL20,96
IL24,97
FCMR,98
PIGR,99
FCAMR,27
C1orf116,28
PFKFB2,29
YOD1,30
C4BPB,31
C4BPA,32
AL445493.2,33
AL596218.1,34
CD55,35
AL391597.1,36
AL391597.2,37
CR2,38
CR1,39
CR1L,40
CD46,41
C1orf132,42
CD34,43
AL356275.1,44
PLXNA2,45
LINC01735,46
AC099793.1,47
LINC01717,48
LINC01774,49
AC092810.3,50
LINC01696,51
LINC01698,52
AL023754.1,53
CAMK1G,54
LAMB3,55
G0S2,56
HSD11B1,57
TRAF3IP3,58
C1orf74,59
IRF6,60
DIEXF,61
SYT14,62
SERTAD4,63
HHAT,64
KCNH1,65
AL590132.1,66
AC092017.3,67
RCOR3,68
TRAF5,69
LINC00467,70
RD3,71
AC105275.1,72
SLC30A1,73
AL356310.1,74
LINC01693,75
NEK2,76
AC096637.1,77
LPGAT1,78
INTS7,79
DTL,80
AL606468.1,81
AL451060.1,82
PPP2R5A,83
TMEM206,84
NENF,85
AC092803.1,86
LINC01740,87
AC092803.2,88
ATF3,89
FAM71A,90
AL590648.3,91
BATF3,92
NSL1,93
TATDN3,94
SPATA45,95
FLVCR1-AS1,96
FLVCR1,97
AC104333.4,98
VASH2,99
ANGEL2,28
RPS6KC1,29
AL592402.1,30
AC096639.1,31
LINC00538,32
PROX1,33
AL592287.1,34
SMYD2,35
PTPN14,36
CENPF,37
KCNK2,38
AL450990.1,39
KCTD3,40
USH2A,41
ESRRG,42
GPATCH2,43
SPATA17,44
LINC00210,45
AL355526.1,46
LINC01653,47
RRP15,48
TGFB2,49
C1orf143,50
LINC01710,51
LYPLAL1,52
AL360093.1,53
AC096642.1,54
AL513283.1,55
AL356364.1,56
ZC3H11B,57
SLC30A10,58
EPRS,59
BPNT1,60
IARS2,61
RAB3GAP2,62
AL451081.1,63
AC096644.4,64
AC096644.1,65
MARK1,66
C1orf115,67
MARC2,68
MARC1,69
RNU6ATAC35P,70
AL445423.1,71
LINC01352,72
HLX,73
C1orf140,74
AL360013.2,75
DUSP10,76
LINC01655,77
LINC02257,78
LINC02474,79
LINC01705,80
AL356108.1,81
AL513314.1,82
AL513314.2,83
HHIPL2,84
TAF1A,85
MIA3,86
AIDA,87
BROX,88
FAM177B,89
AL392172.1,90
AC093152.1,91
DISP1,92
TLR5,93
AL359979.2,94
AL359979.1,95
SUSD4,96
CCDC185,97
CAPN8,98
CAPN2,99
TP53BP2,29
AC138393.3,30
FBXO28,31
DEGS1,32
NVL,33
CNIH4,34
WDR26,35
CNIH3,36
DNAH14,37
LBR,38
AC092811.2,39
ENAH,40
SRP9,41
EPHX1,42
TMEM63A,43
LEFTY1,44
AL117348.2,45
PYCR2,46
LEFTY2,47
SDE2,48
H3F3A,49
LINC01703,50
ACBD3,51
MIXL1,52
LIN9,53
PARP1,54
STUM,55
ITPKB,56
PSEN2,57
COQ8A,58
CDC42BPA,59
LINC01641,60
ZNF678,61
SNAP47,62
JMJD4,63
PRSS38,64
WNT9A,65
WNT3A,66
AL136379.1,67
ARF1,68
C1orf35,69
MRPL55,70
GUK1,71
GJC2,72
IBA57-AS1,73
IBA57,74
OBSCN-AS1,75
OBSCN,76
AL670729.3,77
TRIM11,78
TRIM17,79
HIST3H3,80
HIST3H2A,81
HIST3H2BB,82
RNF187,83
RHOU,84
AL137793.2,85
AL137793.1,86
TMEM78,87
RAB4A,88
SPHAR,89
CCSAP,90
ACTA1,91
NUP133,92
ABCB10,93
TAF5L,94
URB2,95
LINC01682,96
LINC01736,97
GALNT2,98
PGBD5,99
AL133516.1,30
LINC01737,31
COG2,32
AGT,33
CAPN9,34
AL118511.2,35
C1orf198,36
TTC13,37
ARV1,38
FAM89A,39
TRIM67,40
AL109810.2,41
C1orf131,42
GNPAT,43
EXOC8,44
SPRTN,45
EGLN1,46
TSNAX,47
TSNAX-DISC1,48
DISC1,49
AL353052.1,50
AL353052.2,51
SIPA1L2,52
LINC01745,53
LINC01744,54
MAP10,55
NTPCR,56
PCNX2,57
MAP3K21,58
KCNK1,59
SLC35F3,60
COA6,61
TARBP1,62
LINC01354,63
AL161640.1,64
IRF2BP2,65
LINC00184,66
AL160408.5,67
AL160408.1,68
AL160408.4,69
AL160408.3,70
AL160408.6,71
LINC01132,72
AL360294.1,73
AL391832.1,74
AL391832.2,75
AL391832.3,76
LINC01348,77
AL732292.2,78
TOMM20,79
RBM34,80
ARID4B,81
GGPS1,82
TBCE,83
B3GALNT2,84
GNG4,85
LYST,86
AL139161.2,87
AL139161.1,88
NID1,89
GPR137B,90
ERO1B,91
EDARADD,92
LGALS8,93
HEATR1,94
ACTN2,95
MTR,96
MT1HL1,97
RYR2,98
ZP4,99
MTRNR2L11,31
AL356010.2,32
LINC01139,33
AL359551.1,34
AC093426.1,35
CHRM3,36
AL356361.2,37
FMN2,38
GREM2,39
AL365184.2,40
RGS7,41
AL359764.1,42
FH,43
KMO,44
OPN3,45
CHML,46
WDR64,47
EXO1,48
BECN2,49
MAP1LC3C,50
PLD5,51
AL606534.4,52
CEP170,53
SDCCAG8,54
AKT3,55
AL591885.1,56
ZBTB18,57
AL590483.1,58
AL590483.2,59
C1orf100,60
ADSS,61
CATSPERE,62
DESI2,63
AL451007.3,64
AL451007.2,65
COX20,66
HNRNPU,67
BX323046.1,68
EFCAB2,69
KIF26B,70
SMYD3,71
LINC01743,72
TFB2M,73
CNST,74
AL591848.3,75
AL591848.2,76
SCCPDH,77
AL591848.4,78
AHCTF1,79
ZNF695,80
ZNF670-ZNF695,81
ZNF670,82
ZNF669,83
C1orf229,84
ZNF124,85
AL390728.6,86
AL390728.5,87
ZNF496,88
NLRP3,89
OR2B11,90
GCSAML,91
OR2C3,92
OR2G2,93
OR2G3,94
OR13G1,95
OR6F1,96
AC118470.1,97
OR14A2,98
OR14K1,99
OR1C1,32
OR14A16,33
OR11L1,34
TRIM58,35
OR2W3,36
OR2T8,37
OR2AJ1,38
OR2AK2,39
OR2L5,40
OR2L2,41
OR2L3,42
OR2L13,43
OR2M5,44
OR2M2,45
OR2M3,46
OR2M4,47
OR2T33,48
OR2T12,49
OR2M7,50
OR14C36,51
OR2T4,52
OR2T6,53
OR2T1,54
OR2T2,55
OR2T3,56
AC138089.1,57
OR2T5,58
OR2G6,59
OR2T29,60
OR2T34,61
OR2T10,62
OR2T35,63
OR2T27,64
OR14I1,65
LYPD8,66
SH3BP5L,67
ZNF672,68
ZNF692,69
PGBD2,70
FAM110C,71
SH3YL1,72
ACP1,73
ALKAL2,74
AC079779.3,75
AC079779.4,76
LINC01865,77
AC105393.2,78
AC105393.1,79
LINC01874,80
AC093326.2,81
LINC01875,82
AC093326.1,83
TMEM18,84
AC092159.1,85
LINC01115,86
AC116609.2,87
AC116609.1,88
LINC01115-1,89
LINC01939,90
SNTG2,91
TPO,92
AC141930.3,93
AC141930.2,94
AC144450.1,95
PXDN,96
MYT1L,97
AC018685.2,98
AC018685.1,99
AC011995.2,33
AC011995.1,34
LINC01250,35
AC019118.2,36
AC019118.1,37
EIPR1,38
TRAPPC12,39
AC114810.1,40
ADI1,41
AC108488.1,42
AC108488.2,43
RNASEH1,44
RPS7,45
COLEC11,46
ALLC,47
DCDC2C,48
LINC01304,49
AC012445.1,50
LINC01249,51
AC107057.1,52
SOX11,53
AC010729.1,54
LINC01810,55
AC017053.1,56
LINC01247,57
LINC01824,58
MIR7515HG,59
LINC00487,60
CMPK2,61
RSAD2,62
AC017076.1,63
RNF144A,64
AC010904.2,65
AC092580.2,66
LINC01871,67
AC007463.1,68
LINC00298,69
LINC00299,70
U91324.1,71
AC011747.2,72
LINC01814,73
AC011747.1,74
ID2,75
KIDINS220,76
MBOAT2,77
AC093904.4,78
AC093904.3,79
AC093904.1,80
ASAP2,81
ITGB1BP1,82
CPSF3,83
IAH1,84
ADAM17,85
AC073195.1,86
YWHAQ,87
AC082651.1,88
AC082651.4,89
AC082651.3,90
TAF1B,91
AC010969.2,92
GRHL1,93
AC104794.3,94
AC104794.2,95
KLF11,96
CYS1,97
AC104794.1,98
RRM2,99
AC007240.1,34
C2orf48,35
HPCAL1,36
ODC1,37
AC007249.2,38
AC007249.1,39
NOL10,40
RN7SL832P,41
AC092687.2,42
ATP6V1C2,43
AC092687.3,44
PDIA6,45
AC092687.1,46
LINC01954,47
KCNF1,48
AC062028.1,49
C2orf50,50
PQLC3,51
ROCK2,52
AC099344.1,53
AC099344.2,54
LINC00570,55
E2F6,56
GREB1,57
NTSR2,58
AC106875.2,59
LPIN1,60
MIR3681HG,61
AC096559.1,62
AC009486.1,63
TRIB2,64
AC073062.1,65
LINC00276,66
AC016730.1,67
AC011897.1,68
FAM84A,69
AC068286.1,70
NBAS,71
DDX1,72
LINC01804,73
AC113608.2,74
MYCNUT,75
MYCN,76
AC010145.1,77
GACAT3,78
AC130710.1,79
AC010745.1,80
AC010745.2,81
AC010745.3,82
AC010745.4,83
AC010880.1,84
FAM49A,85
AC008164.1,86
LINC01866,87
RAD51AP2,88
VSNL1,89
SMC6,90
GEN1,91
MSGN1,92
KCNS3,93
AC079148.1,94
RDH14,95
NT5C1B-RDH14,96
NT5C1B,97
AC106053.1,98
LINC01376,99
OSR1,35
AC010096.1,36
LINC01808,37
AC019055.1,38
LINC00954,39
TTC32,40
AC013400.1,41
WDR35,42
MATN3,43
LAPTM4A,44
AC098828.2,45
AC098828.3,46
SDC1,47
PUM2,48
RHOB,49
AC023137.1,50
AC012065.1,51
HS1BP3,52
AC012065.3,53
GDF7,54
AC012065.4,55
LDAH,56
AC012361.1,57
AC115619.1,58
APOB,59
TDRD15,60
AC018742.1,61
AC011752.1,62
AC009411.2,63
AC009411.1,64
LINC01822,65
LINC01830,66
AC068490.1,67
AC096570.1,68
LINC01884,69
AC018467.1,70
AC012506.1,71
AC012506.3,72
AC012506.2,73
AC012506.4,74
KLHL29,75
AC009242.1,76
ATAD2B,77
UBXN2A,78
MFSD2B,79
WDCP,80
FKBP1B,81
SF3B6,82
FAM228B,83
TP53I3,84
PFN4,85
AC008073.3,86
FAM228A,87
ITSN2,88
NCOA1,89
PTRHD1,90
CENPO,91
ADCY3,92
DNAJC27,93
EFR3B,94
POMC,95
DNMT3A,96
AC012074.1,97
DTNB,98
ASXL2,99
KIF3C,36
RAB10,37
GAREM2,38
HADHA,39
HADHB,40
ADGRF3,41
SELENOI,42
DRC1,43
OTOF,44
C2orf70,45
CIB4,46
KCNK3,47
SLC35F6,48
CENPA,49
DPYSL5,50
MAPRE3,51
TMEM214,52
AGBL5,53
OST4,54
EMILIN1,55
KHK,56
CGREF1,57
ABHD1,58
PREB,59
PRR30,60
TCF23,61
SLC5A6,62
ATRAID,63
CAD,64
SLC30A3,65
DNAJC5G,66
TRIM54,67
UCN,68
MPV17,69
GTF3C2,70
EIF2B4,71
SNX17,72
ZNF513,73
PPM1G,74
NRBP1,75
KRTCAP3,76
IFT172,77
FNDC4,78
GCKR,79
C2orf16,80
ZNF512,81
CCDC121,82
GPN1,83
SUPT7L,84
SLC4A1AP,85
LINC01460,86
MRPL33,87
RBKS,88
BABAM2,89
FOSL2,90
AC104695.2,91
AC104695.1,92
PLB1,93
PPP1CB,94
SPDYA,95
AC097724.1,96
TRMT61B,97
WDR43,98
TOGARAM2,99
C2orf71,37
CLIP4,38
ALK,39
YPEL5,40
LBH,41
LINC01936,42
LCLAT1,43
CAPN13,44
GALNT14,45
CAPN14,46
EHD3,47
XDH,48
SRD5A2,49
LINC01946,50
AL121652.1,51
MEMO1,52
DPY30,53
SPAST,54
AL121658.1,55
SLC30A6,56
NLRC4,57
YIPF4,58
AL133245.1,59
BIRC6,60
TTC27,61
LINC00486,62
AL121656.1,63
LTBP1,64
RASGRP3,65
FAM98A,66
LINC01317,67
LINC01318,68
AC068599.1,69
LINC01320,70
AC073218.2,71
AC073218.1,72
AC012593.1,73
AC019064.1,74
AC009414.2,75
CRIM1,76
FEZ2,77
VIT,78
STRN,79
HEATR5B,80
GPATCH11,81
EIF2AK2,82
SULT6B1,83
CEBPZOS,84
CEBPZ,85
NDUFAF7,86
PRKD3,87
AC007391.1,88
QPCT,89
CDC42EP3,90
AC006369.2,91
LINC00211,92
RMDN2,93
CYP1B1,94
AC009229.2,95
AC009229.3,96
AC009229.1,97
ATL2,98
AC011247.1,99
LINC01883,38
HNRNPLL,39
GALM,40
SRSF7,41
GEMIN6,42
DHX57,43
MORN2,44
ARHGEF33,45
SOS1,46
CDKL4,47
MAP4K3,48
TMEM178A,49
THUMPD2,50
SLC8A1,51
LINC01794,52
LINC01913,53
LINC01914,54
C2orf91,55
PKDCC,56
EML4,57
COX7A2L,58
KCNG3,59
MTA3,60
OXER1,61
HAAO,62
AC016735.1,63
LINC01819,64
AC016735.2,65
LINC02580,66
ZFP36L2,67
LINC01126,68
THADA,69
PLEKHH2,70
C1GALT1C1L,71
DYNC2LI1,72
ABCG5,73
ABCG8,74
LRPPRC,75
PPM1B,76
SLC3A1,77
PREPL,78
CAMKMT,79
LINC01833,80
SIX3-AS1,81
SIX3,82
AC012354.1,83
SIX2,84
AC093702.1,85
AC093833.1,86
SRBD1,87
PRKCE,88
EPAS1,89
LINC01820,90
TMEM247,91
ATP6V1E2,92
RHOQ,93
PIGF,94
CRIPT,95
SOCS5,96
AC016722.3,97
LINC01118,98
LINC01119,99
AC016722.1,39
MCFD2,40
TTC7A,41
STPG4,42
STPG4-1,43
CALM2,44
AC106869.1,45
AC073283.2,46
EPCAM,47
MSH2,48
KCNK12,49
MSH6,50
FBXO11,51
AC092650.1,52
FOXN2,53
AC093635.1,54
PPP1R21,55
STON1,56
STON1-GTF2A1L,57
GTF2A1L,58
AC073082.1,59
LHCGR,60
AC009975.1,61
FSHR,62
AC009975.2,63
AC009971.1,64
NRXN1,65
AC007402.1,66
LINC01867,67
AC139712.3,68
AC010967.1,69
AC010967.2,70
ASB3,71
GPR75-ASB3,72
CHAC2,73
ERLEC1,74
GPR75,75
PSME4,76
ACYP2,77
AC008280.3,78
TSPYL6,79
C2orf73,80
SPTBN1,81
EML6,82
RTN4,83
CLHC1,84
RPS27A,85
MTIF2,86
CCDC88A,87
CFAP36,88
PPP4R3B,89
PNPT1,90
EFEMP1,91
AC011306.1,92
MIR217HG,93
LINC01813,94
CCDC85A,95
VRK2,96
FANCL,97
LINC01795,98
LINC01122,99
LINC01793,40
AC007100.1,41
AC007179.2,42
AC007179.1,43
AC007381.1,44
MIR4432HG,45
BCL11A,46
PAPOLG,47
LINC01185,48
REL,49
PUS10,50
PEX13,51
KIAA1841,52
C2orf74,53
AC016747.2,54
AHSA2,55
USP34,56
XPO1,57
FAM161A,58
CCT4,59
COMMD1,60
B3GNT2,61
AC093159.1,62
TMEM17,63
EHBP1,64
OTX1,65
WDPCP,66
MDH1,67
UGP2,68
VPS54,69
AC012368.2,70
PELI1,71
LINC00309,72
AC114752.1,73
AC114752.2,74
LGALSL,75
LINC01805,76
AC008074.3,77
AFTPH,78
LINC02579,79
SERTAD2,80
AC007365.1,81
LINC01800,82
LINC02245,83
SLC1A4,84
CEP68,85
RAB1A,86
ACTR2,87
SPRED2,88
AC012370.2,89
AC007389.3,90
AC007389.5,91
AC118345.1,92
AC092669.1,93
LINC01873,94
MEIS1,95
LINC01798,96
LINC01797,97
LINC01799,98
LINC01628,99
AC007403.1,41
LINC01828,42
LINC01829,43
AC023115.1,44
ETAA1,45
AC007422.1,46
AC007422.2,47
LINC01812,48
C1D,49
WDR92,50
AC017083.3,51
PNO1,52
PPP3R1,53
CNRIP1,54
PLEK,55
FBXO48,56
APLF,57
PROKR1,58
ARHGAP25,59
LINC01890,60
BMP10,61
GKN2,62
GKN1,63
ANTXR1,64
GFPT1,65
NFU1,66
AAK1,67
ANXA4,68
AC092431.1,69
GMCL1,70
SNRNP27,71
MXD1,72
ASPRV1,73
PCBP1,74
AC016700.3,75
LINC01816,76
C2orf42,77
TIA1,78
PCYOX1,79
SNRPG,80
FAM136A,81
TGFA,82
ADD2,83
FIGLA,84
CLEC4F,85
CD207,86
LINC01143,87
VAX2,88
ATP6V1B1,89
AC007040.2,90
ANKRD53,91
TEX261,92
NAGK,93
AC007881.3,94
MCEE,95
MPHOSPH10,96
PAIP2B,97
ZNF638,98
DYSF,99
CYP26B1,42
EXOC6B,43
SPR,44
EMX1,45
SFXN5,46
RAB11FIP5,47
NOTO,48
SMYD5,49
PRADC1,50
CCT7,51
FBXO41,52
EGR4,53
ALMS1,54
NAT8,55
TPRKB,56
AC092653.1,57
DUSP11,58
C2orf78,59
STAMBP,60
ACTG2,61
DGUOK,62
AC073046.1,63
TET3,64
AC073263.1,65
BOLA3,66
MOB1A,67
AC073263.2,68
MTHFD2,69
AC006030.1,70
SLC4A5,71
DCTN1,72
AC005041.1,73
C2orf81,74
WDR54,75
RTKN,76
INO80B,77
INO80B-WBP1,78
WBP1,79
MOGS,80
MRPL53,81
CCDC142,82
TTC31,83
LBX2,84
PCGF1,85
TLX2,86
DQX1,87
AUP1,88
HTRA2,89
LOXL3,90
DOK1,91
M1AP,92
SEMA4F,93
AC019069.1,94
HK2,95
LINC01291,96
AC104135.1,97
LINC01293,98
POLE4,99
TACR1,43
EVA1A,44
MRPL19,45
GCFC2,46
AC005034.4,47
LRRTM4,48
AC084149.1,49
AC084149.2,50
LINC01851,51
AC012494.1,52
AC092660.1,53
REG3G,54
REG1B,55
REG1A,56
REG3A,57
CTNNA2,58
LRRTM1,59
AC012355.1,60
LINC01815,61
AC079896.1,62
AC010105.1,63
LINC01809,64
AC106874.1,65
SUCLG1,66
DNAH6,67
TRABD2A,68
TMSB10,69
KCMF1,70
LINC01964,71
TCF7L1,72
TGOLN2,73
RETSAT,74
ELMOD3,75
CAPG,76
SH2D6,77
MAT2A,78
GGCX,79
VAMP8,80
VAMP5,81
RNF181,82
TMEM150A,83
USP39,84
C2orf68,85
SFTPB,86
GNLY,87
ATOH8,88
ST3GAL5,89
ST3GAL5-AS1,90
AC012511.1,91
POLR1A,92
PTCD3,93
IMMT,94
MRPL35,95
REEP1,96
KDM3A,97
CHMP3,98
RNF103-CHMP3,99
RNF103,44
RMND5A,45
CD8A,46
CD8B,47
RGPD1,48
PLGLB1,49
LINC01955,50
IGKV3OR2-268,51
LINC01943,52
CYTOR,53
PLGLB2,54
RGPD2,55
KRCC1,56
SMYD1,57
FABP1,58
THNSL2,59
FOXI3,60
TEX37,61
EIF2AK3,62
RPIA,63
IGKC,64
IGKJ5,65
IGKJ4,66
IGKJ3,67
IGKJ2,68
IGKJ1,69
IGKV4-1,70
IGKV5-2,71
IGKV7-3,72
IGKV2-4,73
IGKV1-5,74
IGKV1-6,75
IGKV3-7,76
IGKV1-8,77
IGKV1-9,78
IGKV2-10,79
IGKV3-11,80
IGKV1-12,81
IGKV1-13,82
IGKV2-14,83
IGKV3-15,84
IGKV1-16,85
IGKV1-17,86
IGKV2-18,87
IGKV2-19,88
IGKV3-20,89
IGKV6-21,90
IGKV1-22,91
IGKV2-23,92
IGKV2-24,93
IGKV3-25,94
IGKV2-26,95
IGKV1-27,96
IGKV2-28,97
IGKV2-29,98
IGKV2-30,99
IGKV3-31,45
IGKV1-32,46
IGKV1-33,47
IGKV3-34,48
IGKV1-35,49
IGKV2-36,50
IGKV1-37,51
IGKV2-38,52
IGKV1-39,53
IGKV2-40,54
AC006453.2,55
IGKV2D-40,56
IGKV1D-39,57
IGKV2D-38,58
IGKV1D-37,59
IGKV2D-36,60
IGKV1D-35,61
IGKV3D-34,62
IGKV1D-33,63
IGKV1D-32,64
IGKV3D-31,65
IGKV2D-30,66
IGKV2D-29,67
IGKV2D-28,68
IGKV1D-27,69
IGKV2D-26,70
IGKV3D-25,71
IGKV2D-24,72
IGKV2D-23,73
IGKV1D-22,74
IGKV6D-21,75
IGKV3D-20,76
IGKV2D-19,77
IGKV2D-18,78
IGKV6D-41,79
IGKV1D-17,80
IGKV1D-16,81
IGKV3D-15,82
IGKV2D-14,83
IGKV1D-13,84
IGKV1D-12,85
IGKV3D-11,86
IGKV2D-10,87
IGKV1D-42,88
IGKV1D-43,89
IGKV1D-8,90
IGKV3D-7,91
IGKV1OR2-118,92
AC233263.6,93
AC233266.2,94
IGKV1OR2-1,95
AL845331.2,96
ANKRD20A8P,97
TEKT4,98
MAL,99
MRPS5,46
ZNF514,47
ZNF2,48
AC092835.1,49
PROM2,50
KCNIP3,51
FAHD2A,52
TRIM43B,53
AC009237.14,54
AC009237.15,55
TRIM43,56
AC008268.1,57
LINC00342,58
ANKRD36C,59
GPAT2,60
ADRA2B,61
ASTL,62
DUSP2,63
AC012307.1,64
STARD7,65
TMEM127,66
CIAO1,67
SNRNP200,68
ITPRIPL1,69
NCAPH,70
NEURL3,71
ARID5A,72
KANSL3,73
FER1L5,74
LMAN2L,75
CNNM4,76
CNNM3-DT,77
CNNM3,78
ANKRD23,79
ANKRD39,80
SEMA4C,81
FAM178B,82
IGKV2OR2-1,83
IGKV2OR2-2,84
IGKV1OR2-3,85
FAHD2B,86
ANKRD36,87
AC159540.2,88
AC159540.1,89
IGKV1OR2-9,90
IGKV2OR2-10,91
IGKV2OR2-7D,92
IGKV3OR2-5,93
IGKV1OR2-6,94
IGKV2OR2-7,95
IGKV2OR2-8,96
IGKV1OR2-11,97
AC092683.1,98
AC092683.2,99
ANKRD36B,47
COX5B,48
ACTR1B,49
C2orf92,50
ZAP70,51
TMEM131,52
VWA3B,53
CNGA3,54
INPP4A,55
COA5,56
UNC50,57
MGAT4A,58
AC109826.1,59
KIAA1211L,60
TSGA10,61
AC079447.1,62
C2orf15,63
LIPT1,64
AC092587.1,65
MITD1,66
MRPL30,67
LYG2,68
LYG1,69
TXNDC9,70
EIF5B,71
REV1,72
AFF3,73
LINC01104,74
LONRF2,75
CHST10,76
NMS,77
PDCL3,78
LINC01849,79
LINC01868,80
AC092168.1,81
NPAS2,82
RPL31,83
TBC1D8,84
TBC1D8-AS1,85
CNOT11,86
RNF149,87
CREG2,88
RFX8,89
LINC01870,90
MAP4K4,91
LINC01127,92
IL1R2,93
IL1R1,94
IL1RL2,95
IL1RL1,96
IL18R1,97
IL18RAP,98
SLC9A4,99
SLC9A2,48
MFSD9,49
TMEM182,50
LINC01796,51
LINC01935,52
AC108051.1,53
AC073987.1,54
AC013727.1,55
AC013727.2,56
LINC01965,57
AC096554.1,58
AC068535.1,59
LINC01831,60
LINC01102,61
LINC01103,62
AC013402.2,63
AC013402.3,64
AC013402.1,65
AC068057.1,66
LINC01114,67
POU3F3,68
MRPS9,69
LINC01918,70
GPR45,71
AC012360.2,72
TGFBRAP1,73
AC012360.1,74
AC012360.3,75
C2orf49,76
FHL2,77
NCK2,78
AC009505.1,79
C2orf40,80
UXS1,81
RGPD3,82
AC108868.1,83
AC108868.2,84
ST6GAL2,85
LINC01789,86
AC096669.1,87
LINC01885,88
LINC01886,89
GACAT1,90
RGPD4-AS1,91
RGPD4,92
SLC5A7,93
LINC01593,94
SULT1C3,95
SULT1C2,96
SULT1C4,97
GCC2,98
LIMS1,99
RANBP2,49
CCDC138,50
EDAR,51
SH3RF3-AS1,52
SH3RF3,53
SEPT10,54
SOWAHC,55
AC074387.1,56
RGPD5,57
LIMS3,58
AC013271.1,59
LINC01123,60
MALL,61
NPHP1,62
LINC00116,63
LINC01106,64
AC112229.3,65
LIMS4,66
RGPD6,67
BUB1,68
AC114776.1,69
ACOXL,70
BCL2L11,71
AC108463.2,72
MIR4435-2HG,73
AC108463.3,74
AC068491.2,75
AC068491.3,76
AC017002.5,77
AC017002.3,78
AC017002.1,79
AC017002.2,80
ANAPC1,81
MERTK,82
TMEM87B,83
FBLN7,84
ZC3H8,85
ZC3H6,86
RGPD8,87
TTL,88
POLR1B,89
CHCHD5,90
AC012442.1,91
AC079922.2,92
SLC20A1,93
NT5DC4,94
CKAP2L,95
IL1A,96
IL1B,97
IL37,98
IL36G,99
IL36A,50
IL36B,51
IL36RN,52
IL1F10,53
IL1RN,54
PSD4,55
PAX8,56
IGKV1OR2-108,57
AC016745.2,58
CBWD2,59
FOXD4L1,60
LINC01961,61
PGM5P4-AS1,62
FAM138B,63
RABL2A,64
AC017074.2,65
AC017074.1,66
SLC35F5,67
AC104653.2,68
AC104653.1,69
AC110769.2,70
ACTR3,71
LINC01191,72
AC110769.1,73
AC010982.1,74
DPP10,75
DDX18,76
AC009404.1,77
CCDC93,78
INSIG2,79
AC093901.1,80
LINC01956,81
EN1,82
MARCO,83
C1QL2,84
STEAP3,85
C2orf76,86
DBI,87
TMEM37,88
SCTR,89
CFAP221,90
TMEM177,91
PTPN4,92
EPB41L5,93
TMEM185B,94
RALB,95
AC012363.2,96
INHBB,97
AC073257.2,98
AC073257.1,99
AC018866.1,51
GLI2,52
AC017033.1,53
AC067960.1,54
AC079988.1,55
TFCP2L1,56
CLASP1,57
NIFK,58
TSN,59
LINC01823,60
AC062020.1,61
LINC01826,62
AC073409.1,63
CNTNAP5,64
LINC01889,65
LINC01941,66
AC023347.1,67
GYPC,68
TEX51,69
AC012508.2,70
AC012508.1,71
BIN1,72
CYP27C1,73
ERCC3,74
MAP3K2,75
AC068282.1,76
PROC,77
IWS1,78
MYO7B,79
LIMS2,80
GPR17,81
WDR33,82
SFT2D3,83
POLR2D,84
AMMECR1L,85
AC012306.2,86
SAP130,87
UGGT1,88
HS6ST1,89
AC012451.1,90
AC068483.1,91
LINC01854,92
LINC02572,93
LINC01856,94
RAB6C,95
POTEF,96
CCDC74B,97
SMPD4,98
MZT2B,99
TUBA3E,52
CCDC115,53
IMP4,54
PTPN18,55
POTEI,56
CFC1B,57
AC013269.1,58
TISP43,59
CFC1,60
POTEJ,61
GPR148,62
AMER3,63
ARHGEF4,64
AC009477.2,65
FAM168B,66
PLEKHB2,67
POTEE,68
WTH3DI,69
LINC01120,70
AC073869.3,71
MZT2A,72
TUBA3D,73
CCDC74A,74
LINC01087,75
C2orf27B,76
AC103564.1,77
AJ239322.2,78
AJ239322.1,79
LINC01945,80
ANKRD30BL,81
AC097532.1,82
AC097532.2,83
GPR39,84
LYPD1,85
NCKAP5,86
AC011243.1,87
MGAT5,88
TMEM163,89
ACMSD,90
CCNT2,91
MAP3K19,92
RAB3GAP1,93
ZRANB3,94
R3HDM1,95
UBXN4,96
LCT,97
MCM6,98
DARS,99
AC068492.1,53
CXCR4,54
THSD7B,55
HNMT,56
LINC01832,57
AC114763.1,58
AC114763.2,59
SPOPL,60
AC092620.3,61
AC092620.1,62
NXPH2,63
AC062021.1,64
AC016710.1,65
AC078851.1,66
LINC01853,67
LRP1B,68
KYNU,69
ARHGAP15,70
AC079584.1,71
GTDC1,72
ZEB2,73
LINC01412,74
TEX41,75
AC023128.1,76
LINC01966,77
AC096666.1,78
AC092484.1,79
AC079163.1,80
AC062031.1,81
LINC01911,82
AC062032.1,83
ACVR2A,84
ORC4,85
MBD5,86
EPC2,87
KIF5C,88
LYPD6B,89
LYPD6,90
MMADHC,91
LINC01931,92
LINC01818,93
LINC01817,94
RND3,95
LINC01920,96
AC104777.3,97
AC104777.2,98
AC104777.1,99
AC023469.1,54
AC018731.1,55
RBM43,56
NMI,57
TNFAIP6,58
RIF1,59
NEB,60
ARL5A,61
AC068547.1,62
CACNB4,63
STAM2,64
FMNL2,65
PRPF40A,66
ARL6IP6,67
AC079150.1,68
LINC01850,69
RPRM,70
GALNT13,71
AC009227.2,72
KCNJ3,73
AC092625.1,74
LINC01876,75
AC074099.1,76
NR4A2,77
GPD2,78
LINC01958,79
GALNT5,80
ERMN,81
CYTIP,82
ACVR1C,83
AC019186.1,84
ACVR1,85
UPP2,86
AC013731.1,87
AC091488.1,88
CCDC148,89
PKP4,90
AC005042.2,91
DAPL1,92
TANC1,93
WDSUB1,94
BAZ2B,95
AC009961.1,96
MARCH7,97
CD302,98
LY75-CD302,99
LY75,55
PLA2R1,56
ITGB6,57
RBMS1,58
TANK,59
LINC01806,60
PSMD14,61
TBR1,62
SLC4A10,63
DPP4,64
AC008063.2,65
GCG,66
FAP,67
IFIH1,68
GCA,69
KCNH7,70
FIGN,71
AC016766.1,72
GRB14,73
COBLL1,74
SLC38A11,75
SCN3A,76
SCN2A,77
CSRNP3,78
GALNT3,79
AC009495.3,80
AC009495.1,81
AC009495.2,82
TTC21B,83
SCN1A,84
SCN9A,85
SCN7A,86
XIRP2,87
AC073050.1,88
B3GALT1,89
STK39,90
CERS6,91
NOSTRIN,92
SPC25,93
G6PC2,94
ABCB11,95
DHRS9,96
LRP2,97
BBS5,98
AC093899.2,99
KLHL41,56
FASTKD1,57
PPIG,58
CCDC173,59
PHOSPHO2,60
KLHL23,61
SSB,62
METTL5,63
UBR3,64
MYO3B,65
LINC01124,66
SP5,67
AC007405.1,68
AC007405.3,69
ERICH2,70
GAD1,71
GORASP2,72
TLK1,73
METTL8,74
DCAF17,75
CYBRD1,76
DYNC1I2,77
SLC25A12,78
HAT1,79
METAP1D,80
DLX1,81
DLX2,82
DLX2-AS1,83
AC104088.1,84
ITGA6,85
PDK1,86
RAPGEF4,87
MAP3K20,88
CDCA7,89
AC106900.2,90
AC106900.1,91
SP3,92
AC016737.1,93
AC016737.2,94
LINC01960,95
OLA1,96
LINC01305,97
SP9,98
CIR1,99
SCRN3,57
GPR155,58
AC010894.2,59
WIPF1,60
CHRNA1,61
CHN1,62
ATF2,63
ATP5G3,64
AC093459.1,65
AC016751.1,66
LNPK,67
EVX2,68
HOXD13,69
HOXD12,70
HOXD11,71
HOXD10,72
HOXD9,73
HOXD8,74
HOXD3,75
AC009336.2,76
HOXD4,77
HAGLROS,78
HOXD1,79
MTX2,80
AC017048.1,81
AC017048.2,82
AC017048.3,83
LINC01116,84
LINC01117,85
AC092162.2,86
AC073636.1,87
AC074286.1,88
HNRNPA3,89
NFE2L2,90
AGPS,91
TTC30B,92
TTC30A,93
PDE11A,94
PDE11A-1,95
RBM45,96
OSBPL6,97
PRKRA,98
PJVK,99
FKBP7,58
PLEKHA3,59
TTN,60
AC010680.4,61
AC010680.5,62
CCDC141,63
SESTD1,64
AC093911.1,65
ZNF385B,66
CWC22,67
AC009478.1,68
SCHLAP1,69
UBE2E3,70
AC068196.1,71
LINC01934,72
AC020595.1,73
ITGA4,74
CERKL,75
NEUROD1,76
AC013733.1,77
SSFA2,78
PPP1R1C,79
PDE1A,80
DNAJC10,81
FRZB,82
NCKAP1,83
DUSP19,84
NUP35,85
AC021851.1,86
AC093639.1,87
ZNF804A,88
FSIP2,89
LINC01473,90
AC017071.1,91
ZC3H15,92
ITGAV,93
FAM171B,94
ZSWIM2,95
CALCRL,96
TFPI,97
LINC01090,98
GULP1,99
DIRC1,59
COL3A1,60
COL5A2,61
WDR75,62
SLC40A1,63
ASNSD1,64
ANKAR,65
OSGEPL1,66
ORMDL1,67
PMS1,68
C2orf88,69
MSTN,70
HIBCH,71
INPP1,72
MFSD6,73
NEMP2,74
NAB1,75
GLS,76
STAT1,77
STAT4,78
AC092614.1,79
MYO1B,80
NABP1,81
CAVIN2,82
TMEFF2,83
AC062039.1,84
AC013401.1,85
PCGEM1,86
AC068135.2,87
LINC01821,88
LINC01790,89
AC010983.1,90
AC104823.1,91
AC064834.1,92
LINC01825,93
LINC01827,94
SLC39A10,95
DNAH7,96
STK17B,97
HECW2,98
CCDC150,99
GTF3C3,60
C2orf66,61
PGAP1,62
ANKRD44,63
SF3B1,64
COQ10B,65
HSPD1,66
HSPE1,67
HSPE1-MOB4,68
MOB4,69
RFTN2,70
MARS2,71
BOLL,72
PLCL1,73
AC020719.1,74
LINC01923,75
AC019330.1,76
AC020718.1,77
SATB2,78
LINC01877,79
FTCDNL1,80
C2orf69,81
TYW5,82
MAIP1,83
SPATS2L,84
KCTD18,85
SGO2,86
AOX1,87
LINC01792,88
BZW1,89
CLK1,90
PPIL3,91
NIF3L1,92
ORC2,93
FAM126B,94
NDUFB3,95
AC007272.1,96
CFLAR,97
CASP10,98
CASP8,99
ALS2CR12,61
TRAK2,62
STRADB,63
C2CD6,64
TMEM237,65
MPP4,66
ALS2,67
CDK15,68
AC069148.1,69
FZD7,70
KIAA2012,71
SUMO1,72
NOP58,73
AC064836.2,74
AC064836.3,75
BMPR2,76
FAM117B,77
ICA1L,78
WDR12,79
CARF,80
NBEAL1,81
CYP20A1,82
ABI2,83
RAPH1,84
CD28,85
CTLA4,86
ICOS,87
AC009965.1,88
AC009498.1,89
AC016903.1,90
AC016903.2,91
PARD3B,92
NRP2,93
INO80D,94
AC007383.2,95
NDUFS1,96
EEF1B2,97
GPR1,98
ZDBF2,99
ADAM23,62
FAM237A,63
DYTN,64
MDH1B,65
FASTKD2,66
AC008269.2,67
AC008269.1,68
CPO,69
KLF7,70
AC007879.1,71
AC007879.3,72
AC007879.2,73
AC007879.4,74
MYOSLID,75
LINC01802,76
CREB1,77
METTL21A,78
LINC01857,79
CCNYL1,80
FZD5,81
PLEKHM3,82
CRYGD,83
CRYGC,84
CRYGB,85
CRYGA,86
C2orf80,87
IDH1,88
PIKFYVE,89
PTH2R,90
MAP2,91
UNC80,92
RPE,93
KANSL1L,94
ACADL,95
MYL1,96
LANCL1,97
CPS1,98
ERBB4,99
LINC01878,63
AC108066.1,64
IKZF2,65
AC079610.2,66
LINC01953,67
AC079610.3,68
AC079610.1,69
SPAG16,70
VWC2L,71
BARD1,72
ABCA12,73
AC073284.1,74
ATIC,75
FN1,76
AC012462.1,77
AC012462.2,78
AC012668.2,79
AC012668.3,80
AC012668.1,81
LINC00607,82
LINC01614,83
AC122136.1,84
AC093382.1,85
MREG,86
PECR,87
TMEM169,88
XRCC5,89
LINC01963,90
MARCH4,91
SMARCAL1,92
RPL37A,93
AC073321.1,94
IGFBP2,95
IGFBP5,96
AC007563.1,97
TNP1,98
AC007557.1,99
AC007557.3,64
LINC01921,65
AC007749.1,66
DIRC3-AS1,67
DIRC3,68
TNS1,69
RUFY4,70
CXCR2,71
CXCR1,72
ARPC2,73
GPBAR1,74
AAMP,75
PNKD,76
TMBIM1,77
CATIP,78
SLC11A1,79
CTDSP1,80
VIL1,81
USP37,82
CNOT9,83
PLCD4,84
ZNF142,85
BCS1L,86
RNF25,87
STK36,88
TTLL4,89
CYP27A1,90
AC009974.1,91
PRKAG3,92
WNT6,93
WNT10A,94
CDK5R2,95
FEV,96
CRYBA2,97
CFAP65,98
IHH,99
AC097468.3,65
NHEJ1,66
AC068946.1,67
SLC23A3,68
CNPPD1,69
RETREG2,70
ZFAND2B,71
ABCB6,72
ATG9A,73
ANKZF1,74
GLB1L,75
STK16,76
TUBA4A,77
TUBA4B,78
DNAJB2,79
PTPRN,80
RESP18,81
DNPEP,82
DES,83
SPEG,84
GMPPA,85
ASIC4,86
CHPF,87
TMEM198,88
OBSL1,89
INHA,90
STK11IP,91
SLC4A3,92
AC009955.2,93
AC009502.1,94
LINC01803,95
AC019211.1,96
AC093083.1,97
AC067956.1,98
AC093843.1,99
EPHA4,66
AC068489.1,67
PAX3,68
CCDC140,69
AC010980.2,70
SGPP2,71
FARSB,72
MOGAT1,73
ACSL3,74
KCNE4,75
AC013448.1,76
AC013448.2,77
SCG2,78
AP1S3,79
WDFY1,80
MRPL44,81
SERPINE2,82
FAM124B,83
CUL3,84
CCDC195,85
DOCK10,86
NYAP2,87
AC016717.2,88
AC062015.1,89
IRS1,90
AC010735.2,91
RHBDD1,92
COL4A4,93
COL4A3,94
MFF,95
TM4SF20,96
AC097662.2,97
AGFG1,98
AC064853.4,99
AC064853.2,67
C2orf83,68
AC064853.6,69
AC064853.3,70
AC064853.5,71
SLC19A3,72
AC093762.3,73
AC093762.2,74
AC093762.1,75
CCL20,76
DAW1,77
SPHKAP,78
LINC01807,79
AC012070.1,80
PID1,81
DNER,82
TRIP12,83
FBXO36,84
SLC16A14,85
SP110,86
SP140,87
SP140L,88
SP100,89
LINC01907,90
CAB39,91
ITM2C,92
GPR55,93
SPATA3-AS1,94
SPATA3,95
C2orf72,96
PSMD1,97
HTR2B,98
ARMC9,99
B3GNT7,68
AC017104.3,69
NCL,70
LINC00471,71
NMUR1,72
TEX44,73
PTMA,74
PDE6D,75
COPS7B,76
NPPC,77
DIS3L2,78
ALPP,79
ALPPL2,80
AC068134.2,81
ALPI,82
ECEL1,83
PRSS56,84
CHRND,85
CHRNG,86
TIGD1,87
EIF4E2,88
EFHD1,89
GIGYF2,90
KCNJ13,91
C2orf82,92
NGEF,93
NEU2,94
INPP5D,95
ATG16L1,96
SAG,97
DGKD,98
USP40,99
UGT1A8,69
UGT1A10,70
UGT1A9,71
UGT1A7,72
UGT1A6,73
UGT1A5,74
UGT1A4,75
UGT1A3,76
UGT1A1,77
MROH2A,78
HJURP,79
TRPM8,80
SPP2,81
AC006037.1,82
AC122134.1,83
AC097713.1,84
LINC01891,85
ARL4C,86
LINC01173,87
SH3BP4,88
AC114814.1,89
AC114814.3,90
AGAP1,91
GBX2,92
ASB18,93
IQCA1,94
ACKR3,95
AC084030.1,96
COPS8,97
AC107079.1,98
AC112715.1,99
COL6A3,70
AC112721.1,71
AC112721.2,72
MLPH,73
PRLH,74
RAB17,75
AC104667.1,76
LRRFIP1,77
RBM44,78
RAMP1,79
UBE2F,80
UBE2F-SCLY,81
SCLY,82
ESPNL,83
KLHL30,84
ERFE,85
ILKAP,86
HES6,87
PER2,88
AC012485.2,89
TRAF3IP1,90
ASB1,91
LINC01107,92
LINC01937,93
AC145625.1,94
TWIST2,95
LINC01940,96
HDAC4,97
AC079612.1,98
AC079612.2,99
AC093802.2,71
AC093802.1,72
NDUFA10,73
OR6B2,74
PRR21,75
OR6B3,76
COPS9,77
OTOS,78
AC124861.1,79
GPC1,80
ANKMY1,81
DUSP28,82
RNPEPL1,83
CAPN10,84
GPR35,85
AQP12B,86
AC011298.1,87
AQP12A,88
KIF1A,89
AGXT,90
C2orf54,91
CROCC2,92
SNED1,93
MTERF4,94
PASK,95
PPP1R7,96
ANO7,97
HDLBP,98
SEPT2,99
FARP2,72
STK25,73
BOK,74
AC133528.1,75
THAP4,76
ATG4B,77
DTYMK,78
ING5,79
D2HGDH,80
GAL3ST2,81
NEU4,82
AC131097.4,83
PDCD1,84
RTP5,85
AC131097.2,86
LINC01238,87
AC093642.1,88
LINC01880,89
LINC01986,90
AC066595.1,91
CHL1,92
LINC01266,93
AC090044.1,94
AC087430.1,95
CNTN6,96
AC018814.1,97
CNTN4,98
CNTN4-AS2,99
IL5RA,73
TRNT1,74
CRBN,75
AC034195.1,76
SUMF1,77
LRRN1,78
SETMAR,79
ITPR1,80
EGOT,81
BHLHE40,82
ARL8B,83
EDEM1,84
AC026202.1,85
AC087857.1,86
AC026167.1,87
AC069277.1,88
GRM7-AS3,89
GRM7,90
AC018832.1,91
AC023481.1,92
LMCD1,93
AC034187.1,94
SSUH2,95
CAV3,96
OXTR,97
RAD18,98
SRGAP3,99
SRGAP3-AS4,74
THUMPD3,75
SETD5,76
LHFPL4,77
MTMR14,78
CPNE9,79
BRPF1,80
OGG1,81
CAMK1,82
TADA3,83
ARPC4,84
ARPC4-TTLL3,85
TTLL3,86
RPUSD3,87
CIDEC,88
JAGN1,89
IL17RE,90
IL17RC,91
CRELD1,92
PRRT3,93
EMC3,94
AC022007.1,95
FANCD2,96
FANCD2OS,97
BRK1,98
VHL,99
IRAK2,75
TATDN2,76
AC022384.1,77
GHRL,78
SEC13,79
ATP2B2,80
LINC00606,81
AC018495.1,82
SLC6A11,83
SLC6A1,84
HRH1,85
ATG7,86
VGLL4,87
TAMM41,88
SYN2,89
TIMP4,90
PPARG,91
TSEN2,92
MKRN2OS,93
MKRN2,94
RAF1,95
TMEM40,96
CAND2,97
RPL32,98
LINC02022,99
IQSEC1,76
NUP210,77
HDAC11,78
FBLN2,79
WNT7A,80
CHCHD4,81
TMEM43,82
AC090004.1,83
XPC,84
LSM3,85
AC093496.1,86
LINC01267,87
SLC6A6,88
GRIP2,89
AC090952.2,90
CCDC174,91
C3orf20,92
LINC02011,93
FGD5,94
NR2C2,95
MRPS25,96
RBSN,97
CAPN7,98
SH3BP5,99
METTL6,77
EAF1,78
COLQ,79
HACL1,80
BTD,81
ANKRD28,82
GALNT15,83
DPH3,84
OXNAD1,85
RFTN1,86
AC010139.1,87
LINC00690,88
DAZL,89
AC091493.1,90
PLCL2,91
TBC1D5,92
AC132807.1,93
AC132807.2,94
SATB1,95
KCNH8,96
EFHB,97
RAB5A,98
PP2D1,99
KAT2B,78
SGO1,79
AC116096.1,80
AC099753.1,81
ZNF385D,82
ZNF385D-AS2,83
UBE2E2,84
UBE2E1,85
NKIRAS1,86
RPL15,87
NR1D2,88
LINC00691,89
THRB,90
AC012087.1,91
AC092422.1,92
RARB,93
TOP2B,94
NGLY1,95
OXSM,96
AC099754.1,97
LRRC3B,98
AC114877.1,99
NEK10,79
SLC4A7,80
AC098614.4,81
LINC02084,82
EOMES,83
LINC01980,84
LINC01981,85
LINC01967,86
CMC1,87
AZI2,88
ZCWPW2,89
AC098650.1,90
RBMS3,91
LINC01985,92
AC116035.1,93
TGFBR2,94
GADL1,95
STT3B,96
OSBPL10,97
ZNF860,98
GPD1L,99
CMTM8,80
CMTM7,81
CMTM6,82
DYNC1LI1,83
CNOT10,84
TRIM71,85
CCR4,86
GLB1,87
TMPPE,88
CRTAP,89
SUSD5,90
FBXL2,91
UBP1,92
CLASP2,93
AC112220.3,94
AC112220.4,95
AC112220.2,96
PDCD6IP,97
LINC01811,98
AC123023.1,99
AC018359.1,81
ARPP21,82
STAC,83
DCLK3,84
LINC02033,85
TRANK1,86
AC011816.2,87
EPM2AIP1,88
MLH1,89
LRRFIP2,90
AC097359.3,91
GOLGA4,92
C3orf35,93
ITGA9,94
CTDSPL,95
VILL,96
PLCD1,97
DLEC1,98
ACAA1,99
MYD88,82
OXSR1,83
SLC22A13,84
SLC22A14,85
XYLB,86
ACVR2B,87
EXOG,88
SCN5A,89
SCN10A,90
SCN11A,91
WDR48,92
GORASP1,93
TTC21A,94
CSRNP1,95
XIRP1,96
CX3CR1,97
CCR8,98
SLC25A38,99
RPSA,83
MOBP,84
MYRIP,85
EIF1B,86
ENTPD3,87
RPL14,88
ZNF619,89
ZNF620,90
ZNF621,91
AC122683.1,92
AC099560.1,93
AC099541.1,94
AC009743.1,95
CTNNB1,96
ULK4,97
TRAK1,98
CCK,99
LYZL4,84
VIPR1,85
SEC22C,86
SS18L2,87
NKTR,88
ZBTB47,89
KLHL40,90
HHATL,91
CCDC13,92
AC099329.3,93
HIGD1A,94
ACKR2,95
AC092042.3,96
KRBOX1,97
CYP8B1,98
ZNF662,99
FAM198A,85
POMGNT2,86
AC092042.1,87
SNRK,88
ANO10,89
ABHD5,90
AC006055.1,91
AC006058.2,92
AC006058.3,93
AC006058.1,94
TOPAZ1,95
TCAIM,96
LINC00694,97
LINC01988,98
ZNF445,99
ZNF852,86
ZKSCAN7,87
ZNF660,88
ZNF197,89
ZNF35,90
AC124045.1,91
ZNF502,92
ZNF501,93
KIAA1143,94
KIF15,95
TMEM42,96
TGM4,97
ZDHHC3,98
EXOSC7,99
CLEC3B,87
CDCP1,88
TMEM158,89
LARS2,90
LIMD1,91
SACM1L,92
SLC6A20,93
LZTFL1,94
CCR9,95
FYCO1,96
CXCR6,97
XCR1,98
CCR3,99
CCR1,88
CCR2,89
CCR5,90
CCRL2,91
LINC02009,92
LTF,93
RTP3,94
LRRC2,95
TDGF1,96
AC104304.1,97
FAM240A,98
ALS2CL,99
TMIE,89
PRSS50,90
PRSS50-1,91
PRSS46,92
PRSS45,93
AC109583.3,94
PRSS42,95
MYL3,96
PTH1R,97
CCDC12,98
NBEAL2,99
SETD2,90
KIF9,91
KLHL18,92
PTPN23,93
SCAP,94
ELP6,95
CSPG5,96
SMARCC1,97
DHX30,98
MAP4,99
CDC25A,91
CAMP,92
ZNF589,93
NME6,94
SPINK8,95
FBXW12,96
PLXNB1,97
CCDC51,98
TMA7,99
ATRIP,92
AC134772.2,93
TREX1,94
SHISA5,95
PFKFB4,96
UCN2,97
COL7A1,98
UQCRC1,99
TMEM89,93
SLC26A6,94
CELSR3,95
AC141002.1,96
NCKIPSD,97
IP6K2,98
PRKAR2A,99
SLC25A20,94
ARIH2OS,95
ARIH2,96
AC137630.4,97
P4HTM,98
WDR6,99
DALRD3,95
NDUFAF3,96
IMPDH2,97
QRICH1,98
QARS,99
USP19,96
LAMB2,97
CCDC71,98
KLHDC8B,99
C3orf84,97
CCDC36,98
AC121247.1,99
C3orf62,98
USP4,99
GPX1,99
